"year","trial_name","trial_type","plant_date","harvest_date","location","accession_name_syn","plot_name","rep_number","plot_number","row_number","col_number","check_test","notes","accession_name","check_released","CMD_infect_plants","height_1st_branch","yield_ha","planted_number_plot","height","harvest_number","root_number","germinated_number_plot","starch_content","shoot_weight_plot","root_weight_water","root_rot_number","germination_perc","starch_yield_ha","CMD_incidence"
2023,"2023127DMEPR_cham","2023127DMEPR_cham","2023-June-01","2024-May-25","Chamkar Leu district","AR35,AR351","2023127DMEPR_cham_rep1_AR351_6",1,6,2,1,"test"," (Operator: lizbethpino, Time: )","AR35-1","test",0,143,12.4,25,310,5,12,25,24.0529074973544,NA,NA,NA,100,2.98256052967195,0
2023,"2023127DMEPR_cham","2023127DMEPR_cham","2023-June-01","2024-May-25","Chamkar Leu district",NA,"2023127DMEPR_cham_rep1_CR138_9",1,9,2,4,"test"," (Operator: lizbethpino, Time: )","CR138","test",0,160,12,25,302,6,9,24,21.3836114421931,NA,NA,NA,96,2.56603337306317,0
2023,"2023127DMEPR_cham","2023127DMEPR_cham","2023-June-01","2024-May-25","Chamkar Leu district","CR241","2023127DMEPR_cham_rep1_CR241_2",1,2,1,2,"test"," (Operator: lizbethpino, Time: )","CR24-16","test",0,298,25.6666666666667,25,298,6,10,20,24.2987012987013,NA,NA,NA,80,6.23666666666668,0
2023,"2023127DMEPR_cham","2023127DMEPR_cham","2023-June-01","2024-May-25","Chamkar Leu district",NA,"2023127DMEPR_cham_rep1_CR52_7",1,7,2,2,"test"," (Operator: lizbethpino, Time: )","CR52A4","test",0,123,22,25,305,7,11,23,28.7173533083645,NA,NA,NA,92,6.31781772784019,0
2023,"2023127DMEPR_cham","2023127DMEPR_cham","2023-June-01","2024-May-25","Chamkar Leu district","IBA057","2023127DMEPR_cham_rep1_IBA057_8",1,8,2,3,"test"," (Operator: lizbethpino, Time: )","IBA-920057","test",0,398,7,25,398,8,4,25,10.4991237387148,NA,NA,NA,100,0.734938661710036,0
2023,"2023127DMEPR_cham","2023127DMEPR_cham","2023-June-01","2024-May-25","Chamkar Leu district","IBA581","2023127DMEPR_cham_rep1_IBA581_5",1,5,1,5,"test"," (Operator: lizbethpino, Time: )","IBA-980581","test",0,45,23.3333333333333,25,365,6,12,25,22.1307262569832,NA,NA,NA,100,5.16383612662941,0
2023,"2023127DMEPR_cham","2023127DMEPR_cham","2023-June-01","2024-May-25","Chamkar Leu district",NA,"2023127DMEPR_cham_rep1_KU50_3",1,3,1,3,"check"," (Operator: lizbethpino, Time: )","KU50_is_KM94","check_released",1,365,27.7777777777778,25,365,9,13,25,23.5701333333333,NA,NA,NA,100,6.54725925925925,4
2023,"2023127DMEPR_cham","2023127DMEPR_cham","2023-June-01","2024-May-25","Chamkar Leu district","R72","2023127DMEPR_cham_rep1_R72_1",1,1,1,1,"check"," (Operator: lizbethpino, Time: )","Rayong72","test",7,135,39.75,25,245,8,15,25,25.563418729616,NA,NA,NA,100,10.1614589450224,28
2023,"2023127DMEPR_cham","2023127DMEPR_cham","2023-June-01","2024-May-25","Chamkar Leu district",NA,"2023127DMEPR_cham_rep1_TMEB419_4",1,4,1,4,"test"," (Operator: lizbethpino, Time: )","TMEB-419","test",0,360,31.75,25,360,8,10,25,21.2819976139346,NA,NA,NA,100,6.75703424242424,0
2023,"2023127DMEPR_cham","2023127DMEPR_cham","2023-June-01","2024-May-25","Chamkar Leu district","AR35,AR351","2023127DMEPR_cham_rep2_AR351_19",2,19,4,4,"test"," (Operator: lizbethpino, Time: )","AR35-1","test",0,150,17.6,25,308,5,14,24,20.6116853932584,NA,NA,NA,96,3.62765662921348,0
2023,"2023127DMEPR_cham","2023127DMEPR_cham","2023-June-01","2024-May-25","Chamkar Leu district",NA,"2023127DMEPR_cham_rep2_CR138_18",2,18,4,3,"test"," (Operator: lizbethpino, Time: )","CR138","test",0,137,18.2857142857143,25,335,7,13,25,27.2477876106195,NA,NA,NA,100,4.98245259165614,0
2023,"2023127DMEPR_cham","2023127DMEPR_cham","2023-June-01","2024-May-25","Chamkar Leu district","CR241","2023127DMEPR_cham_rep2_CR241_13",2,13,3,3,"test"," (Operator: lizbethpino, Time: )","CR24-16","test",0,320,20,25,320,8,17,23,26.9995115995116,NA,NA,NA,92,5.39990231990232,0
2023,"2023127DMEPR_cham","2023127DMEPR_cham","2023-June-01","2024-May-25","Chamkar Leu district","CR243","2023127DMEPR_cham_rep2_CR243_10",1,10,2,5,"test"," (Operator: lizbethpino, Time: )","CR24-3","test",0,158,28.5714285714286,25,317,7,12,24,22.0434939759036,NA,NA,NA,96,6.29814113597246,0
2023,"2023127DMEPR_cham","2023127DMEPR_cham","2023-June-01","2024-May-25","Chamkar Leu district","CR243","2023127DMEPR_cham_rep2_CR243_16",2,16,4,1,"test"," (Operator: lizbethpino, Time: )","CR24-3","test",0,110,23.25,25,217,8,9,23,25.8492073348883,NA,NA,NA,92,6.00994070536153,0
2023,"2023127DMEPR_cham","2023127DMEPR_cham","2023-June-01","2024-May-25","Chamkar Leu district",NA,"2023127DMEPR_cham_rep2_CR52_14",2,14,3,4,"test"," (Operator: lizbethpino, Time: )","CR52A4","test",0,95,19.5,25,305,8,12,25,26.906683480454,NA,NA,NA,100,5.24680327868853,0
2023,"2023127DMEPR_cham","2023127DMEPR_cham","2023-June-01","2024-May-25","Chamkar Leu district","IBA057","2023127DMEPR_cham_rep2_IBA057_15",2,15,3,5,"test"," (Operator: lizbethpino, Time: )","IBA-920057","test",0,130,3.77777777777778,25,365,9,6,25,20.0133185349612,NA,NA,NA,100,0.756058700209646,0
2023,"2023127DMEPR_cham","2023127DMEPR_cham","2023-June-01","2024-May-25","Chamkar Leu district","IBA581","2023127DMEPR_cham_rep2_IBA581_17",2,17,4,2,"test"," (Operator: lizbethpino, Time: )","IBA-980581","test",0,165,20.6666666666667,25,340,9,9,25,24.804,NA,NA,NA,100,5.12616000000001,0
2023,"2023127DMEPR_cham","2023127DMEPR_cham","2023-June-01","2024-May-25","Chamkar Leu district",NA,"2023127DMEPR_cham_rep2_KU50_11",2,11,3,1,"check"," (Operator: lizbethpino, Time: )","KU50_is_KM94","check_released",0,367,43.3333333333333,25,367,9,13,25,28.5425694737515,NA,NA,NA,100,12.368446771959,0
2023,"2023127DMEPR_cham","2023127DMEPR_cham","2023-June-01","2024-May-25","Chamkar Leu district","R72","2023127DMEPR_cham_rep2_R72_12",2,12,3,2,"check"," (Operator: lizbethpino, Time: )","Rayong72","test",6,100,31,25,298,8,11,25,24.8774218908501,NA,NA,NA,100,7.71200078616353,24
2023,"2023127DMEPR_cham","2023127DMEPR_cham","2023-June-01","2024-May-25","Chamkar Leu district",NA,"2023127DMEPR_cham_rep3_CR138_27",3,27,6,2,"test"," (Operator: lizbethpino, Time: )","CR138","test",0,153,8.42857142857143,25,340,7,11,22,18.2377011494253,NA,NA,NA,88,1.5371776683087,0
2023,"2023127DMEPR_cham","2023127DMEPR_cham","2023-June-01","2024-May-25","Chamkar Leu district","CR241","2023127DMEPR_cham_rep3_CR241_21",3,21,5,1,"test"," (Operator: lizbethpino, Time: )","CR24-16","test",0,290,16.5555555555556,25,290,9,10,22,26.7756710499304,NA,NA,NA,88,4.43286109604404,0
2023,"2023127DMEPR_cham","2023127DMEPR_cham","2023-June-01","2024-May-25","Chamkar Leu district","CR243","2023127DMEPR_cham_rep3_CR243_22",3,22,5,2,"test"," (Operator: lizbethpino, Time: )","CR24-3","test",0,140,45,25,335,5,18,18,25.6515463917526,NA,NA,NA,72,11.5431958762887,0
2023,"2023127DMEPR_cham","2023127DMEPR_cham","2023-June-01","2024-May-25","Chamkar Leu district",NA,"2023127DMEPR_cham_rep3_CR52_28",3,28,6,3,"test"," (Operator: lizbethpino, Time: )","CR52A4","test",0,120,24,25,394,6,7,25,24.0191485787246,NA,NA,NA,100,5.7645956588939,0
2023,"2023127DMEPR_cham","2023127DMEPR_cham","2023-June-01","2024-May-25","Chamkar Leu district","IBA057","2023127DMEPR_cham_rep3_IBA057_29",3,29,6,4,"test"," (Operator: lizbethpino, Time: )","IBA-920057","test",0,125,19.3333333333333,25,395,9,6,25,20.8222222222223,NA,NA,NA,100,4.02562962962964,0
2023,"2023127DMEPR_cham","2023127DMEPR_cham","2023-June-01","2024-May-25","Chamkar Leu district","IBA581","2023127DMEPR_cham_rep3_IBA581_26",3,26,6,1,"test"," (Operator: lizbethpino, Time: )","IBA-980581","test",0,122,21.4285714285714,25,365,7,10,25,25.6114633436703,NA,NA,NA,100,5.48817071650077,0
2023,"2023127DMEPR_cham","2023127DMEPR_cham","2023-June-01","2024-May-25","Chamkar Leu district",NA,"2023127DMEPR_cham_rep3_KU50_24",3,24,5,4,"check"," (Operator: lizbethpino, Time: )","KU50_is_KM94","check_released",0,200,22.2857142857143,25,383,7,12,23,25.2401123990165,NA,NA,NA,92,5.62493933463797,0
2023,"2023127DMEPR_cham","2023127DMEPR_cham","2023-June-01","2024-May-25","Chamkar Leu district","R72","2023127DMEPR_cham_rep3_R72_25",3,25,5,5,"check"," (Operator: lizbethpino, Time: )","Rayong72","test",7,120,30.625,25,318,8,18,25,24.4862880358362,NA,NA,NA,100,7.49892571097484,28
2023,"2023127DMEPR_cham","2023127DMEPR_cham","2023-June-01","2024-May-25","Chamkar Leu district",NA,"2023127DMEPR_cham_rep3_TMEB419_20",2,20,4,5,"test"," (Operator: lizbethpino, Time: )","TMEB-419","test",0,375,30,25,375,9,11,24,19.1,NA,NA,NA,96,5.73,0
2023,"2023127DMEPR_cham","2023127DMEPR_cham","2023-June-01","2024-May-25","Chamkar Leu district",NA,"2023127DMEPR_cham_rep3_TMEB419_23",3,23,5,3,"test"," (Operator: lizbethpino, Time: )","TMEB-419","test",0,373,25.6666666666667,25,373,9,9,25,24.6024984207643,NA,NA,NA,100,6.31464126132951,0
2023,"2023127DMEPR_cham","2023127DMEPR_cham","2023-June-01","2024-May-25","Chamkar Leu district","AR35,AR351","2023127DMEPR_cham_rep_AR351_30",3,30,6,5,"test"," (Operator: lizbethpino, Time: )","AR35-1","test",0,125,19.25,25,356,8,10,25,29.05888772582,NA,NA,NA,100,5.59383588722035,0
2023,"2023128DMEPR_bant","2023128DMEPR_bant","2023-May-24","2024-March-17","Banteay Meanchey province Banteay Meanchey","AR35,AR351","2023128DMEPR_bant_rep1_AR35_6",1,6,2,1,"test"," (Operator: lizbethpino, Time: )","AR35-1","test",0,96,15.44,25,257,9,NA,23,4.79,NA,NA,NA,92,0.739576,0
2023,"2023128DMEPR_bant","2023128DMEPR_bant","2023-May-24","2024-March-17","Banteay Meanchey province Banteay Meanchey",NA,"2023128DMEPR_bant_rep1_CR13_9",1,9,2,4,"test"," (Operator: lizbethpino, Time: )","CR13-8","test",0,179,23.33,25,250,9,NA,23,16.56,NA,NA,NA,92,3.863448,0
2023,"2023128DMEPR_bant","2023128DMEPR_bant","2023-May-24","2024-March-17","Banteay Meanchey province Banteay Meanchey","CR241","2023128DMEPR_bant_rep1_CR241_2",1,2,1,2,"test"," (Operator: lizbethpino, Time: )","CR24-16","test",0,170,24.44,25,170,9,NA,25,18.82,NA,NA,NA,100,4.599608,0
2023,"2023128DMEPR_bant","2023128DMEPR_bant","2023-May-24","2024-March-17","Banteay Meanchey province Banteay Meanchey","CR243","2023128DMEPR_bant_rep1_CR243_10",1,10,2,5,"test"," (Operator: lizbethpino, Time: )","CR24-3","test",0,97,25,25,210,9,NA,25,8.6,NA,NA,NA,100,2.15,0
2023,"2023128DMEPR_bant","2023128DMEPR_bant","2023-May-24","2024-March-17","Banteay Meanchey province Banteay Meanchey",NA,"2023128DMEPR_bant_rep1_CR52_7",1,7,2,2,"test"," (Operator: lizbethpino, Time: )","CR52A4","test",0,64,18.89,25,210,9,NA,25,18.21,NA,NA,NA,100,3.439869,0
2023,"2023128DMEPR_bant","2023128DMEPR_bant","2023-May-24","2024-March-17","Banteay Meanchey province Banteay Meanchey","IBA057","2023128DMEPR_bant_rep1_IBA057_8",1,8,2,3,"test"," (Operator: lizbethpino, Time: )","IBA-920057","test",0,244,17.78,25,244,9,NA,25,8.49,NA,NA,NA,100,1.509522,0
2023,"2023128DMEPR_bant","2023128DMEPR_bant","2023-May-24","2024-March-17","Banteay Meanchey province Banteay Meanchey","IBA581","2023128DMEPR_bant_rep1_IBA581_5",1,5,1,5,"test"," (Operator: lizbethpino, Time: )","IBA-980581","test",0,248,16.44,25,248,9,NA,25,12.03,NA,NA,NA,100,1.977732,0
2023,"2023128DMEPR_bant","2023128DMEPR_bant","2023-May-24","2024-March-17","Banteay Meanchey province Banteay Meanchey",NA,"2023128DMEPR_bant_rep1_KU50_3",1,3,1,3,"check"," (Operator: lizbethpino, Time: )","KU50_is_KM94","check_released",0,230,37.56,25,230,9,NA,25,21.07,NA,NA,NA,100,7.913892,0
2023,"2023128DMEPR_bant","2023128DMEPR_bant","2023-May-24","2024-March-17","Banteay Meanchey province Banteay Meanchey","R72","2023128DMEPR_bant_rep1_R72_1",1,1,1,1,"check"," (Operator: lizbethpino, Time: )","Rayong72","test",0,152,40,25,152,9,NA,25,25.17,NA,NA,NA,100,10.068,0
2023,"2023128DMEPR_bant","2023128DMEPR_bant","2023-May-24","2024-March-17","Banteay Meanchey province Banteay Meanchey",NA,"2023128DMEPR_bant_rep1_TMEB419_4",1,4,1,4,"test"," (Operator: lizbethpino, Time: )","TMEB-419","test",0,240,33,25,240,8,NA,25,20.99,NA,NA,NA,100,6.9267,0
2023,"2023128DMEPR_bant","2023128DMEPR_bant","2023-May-24","2024-March-17","Banteay Meanchey province Banteay Meanchey","AR35,AR351","2023128DMEPR_bant_rep2_AR35_19",2,19,4,4,"test"," (Operator: lizbethpino, Time: )","AR35-1","test",0,103,9.11,25,333,9,NA,25,6.76,NA,NA,NA,100,0.615836,0
2023,"2023128DMEPR_bant","2023128DMEPR_bant","2023-May-24","2024-March-17","Banteay Meanchey province Banteay Meanchey",NA,"2023128DMEPR_bant_rep2_CR13_18",2,18,4,3,"test"," (Operator: lizbethpino, Time: )","CR13-8","test",0,180,26,25,277,9,NA,25,15.5,NA,NA,NA,100,4.03,0
2023,"2023128DMEPR_bant","2023128DMEPR_bant","2023-May-24","2024-March-17","Banteay Meanchey province Banteay Meanchey","CR241","2023128DMEPR_bant_rep2_CR241_13",2,13,3,3,"test"," (Operator: lizbethpino, Time: )","CR24-16","test",0,180,24,25,180,9,NA,25,14.28,NA,NA,NA,100,3.4272,0
2023,"2023128DMEPR_bant","2023128DMEPR_bant","2023-May-24","2024-March-17","Banteay Meanchey province Banteay Meanchey","CR243","2023128DMEPR_bant_rep2_CR243_16",2,16,4,1,"test"," (Operator: lizbethpino, Time: )","CR24-3","test",0,110,17.56,25,279,9,NA,25,5.41,NA,NA,NA,100,0.949996,0
2023,"2023128DMEPR_bant","2023128DMEPR_bant","2023-May-24","2024-March-17","Banteay Meanchey province Banteay Meanchey",NA,"2023128DMEPR_bant_rep2_CR52_14",2,14,3,4,"test"," (Operator: lizbethpino, Time: )","CR52A4","test",0,87,22.22,25,263,9,NA,25,15.14,NA,NA,NA,100,3.364108,0
2023,"2023128DMEPR_bant","2023128DMEPR_bant","2023-May-24","2024-March-17","Banteay Meanchey province Banteay Meanchey","IBA057","2023128DMEPR_bant_rep2_IBA057_15",2,15,3,5,"test"," (Operator: lizbethpino, Time: )","IBA-920057","test",0,296,13.89,25,296,9,NA,25,11.2,NA,NA,NA,100,1.55568,0
2023,"2023128DMEPR_bant","2023128DMEPR_bant","2023-May-24","2024-March-17","Banteay Meanchey province Banteay Meanchey","IBA581","2023128DMEPR_bant_rep2_IBA581_17",2,17,4,2,"test"," (Operator: lizbethpino, Time: )","IBA-980581","test",0,305,10.75,25,305,8,NA,25,7.86,NA,NA,NA,100,0.84495,0
2023,"2023128DMEPR_bant","2023128DMEPR_bant","2023-May-24","2024-March-17","Banteay Meanchey province Banteay Meanchey",NA,"2023128DMEPR_bant_rep2_KU50_11",2,11,3,1,"check"," (Operator: lizbethpino, Time: )","KU50_is_KM94","check_released",0,100,31.11,25,227,9,NA,25,24.27,NA,NA,NA,100,7.550397,0
2023,"2023128DMEPR_bant","2023128DMEPR_bant","2023-May-24","2024-March-17","Banteay Meanchey province Banteay Meanchey","R72","2023128DMEPR_bant_rep2_R72_12",2,12,3,2,"check"," (Operator: lizbethpino, Time: )","Rayong72","test",0,190,36.5,25,190,8,NA,24,17.51,NA,NA,NA,96,6.39115,0
2023,"2023128DMEPR_bant","2023128DMEPR_bant","2023-May-24","2024-March-17","Banteay Meanchey province Banteay Meanchey",NA,"2023128DMEPR_bant_rep2_TMEB419_20",2,20,4,5,"test"," (Operator: lizbethpino, Time: )","TMEB-419","test",0,310,23.11,25,310,9,NA,25,14.75,NA,NA,NA,100,3.408725,0
2023,"2023128DMEPR_bant","2023128DMEPR_bant","2023-May-24","2024-March-17","Banteay Meanchey province Banteay Meanchey","AR35,AR351","2023128DMEPR_bant_rep3_AR35_30",3,30,6,5,"test"," (Operator: lizbethpino, Time: )","AR35-1","test",0,110,13.56,25,270,9,NA,25,14.24,NA,NA,NA,100,1.930944,0
2023,"2023128DMEPR_bant","2023128DMEPR_bant","2023-May-24","2024-March-17","Banteay Meanchey province Banteay Meanchey",NA,"2023128DMEPR_bant_rep3_CR13_27",3,27,6,2,"test"," (Operator: lizbethpino, Time: )","CR13-8","test",0,174,9.33,25,225,9,NA,25,15.73,NA,NA,NA,100,1.467609,0
2023,"2023128DMEPR_bant","2023128DMEPR_bant","2023-May-24","2024-March-17","Banteay Meanchey province Banteay Meanchey","CR241","2023128DMEPR_bant_rep3_CR241_21",3,21,5,1,"test"," (Operator: lizbethpino, Time: )","CR24-16","test",0,190,17.56,25,190,9,NA,25,15.66,NA,NA,NA,100,2.749896,0
2023,"2023128DMEPR_bant","2023128DMEPR_bant","2023-May-24","2024-March-17","Banteay Meanchey province Banteay Meanchey","CR243","2023128DMEPR_bant_rep3_CR243_22",3,22,5,2,"test"," (Operator: lizbethpino, Time: )","CR24-3","test",0,79,11.11,25,255,9,NA,25,11.16,NA,NA,NA,100,1.239876,0
2023,"2023128DMEPR_bant","2023128DMEPR_bant","2023-May-24","2024-March-17","Banteay Meanchey province Banteay Meanchey",NA,"2023128DMEPR_bant_rep3_CR52_28",3,28,6,3,"test"," (Operator: lizbethpino, Time: )","CR52A4","test",0,102,12,25,216,9,NA,25,14.59,NA,NA,NA,100,1.7508,0
2023,"2023128DMEPR_bant","2023128DMEPR_bant","2023-May-24","2024-March-17","Banteay Meanchey province Banteay Meanchey","IBA057","2023128DMEPR_bant_rep3_IBA057_29",3,29,6,4,"test"," (Operator: lizbethpino, Time: )","IBA-920057","test",0,306,11.71,25,306,7,NA,25,13.19,NA,NA,NA,100,1.544549,0
2023,"2023128DMEPR_bant","2023128DMEPR_bant","2023-May-24","2024-March-17","Banteay Meanchey province Banteay Meanchey","IBA581","2023128DMEPR_bant_rep3_IBA581_26",3,26,6,1,"test"," (Operator: lizbethpino, Time: )","IBA-980581","test",0,250,12.67,25,250,9,NA,25,8.84,NA,NA,NA,100,1.120028,0
2023,"2023128DMEPR_bant","2023128DMEPR_bant","2023-May-24","2024-March-17","Banteay Meanchey province Banteay Meanchey",NA,"2023128DMEPR_bant_rep3_KU50_24",3,24,5,4,"check"," (Operator: lizbethpino, Time: )","KU50_is_KM94","check_released",1,260,32.22,25,260,9,NA,25,24.02,NA,NA,NA,100,7.739244,4
2023,"2023128DMEPR_bant","2023128DMEPR_bant","2023-May-24","2024-March-17","Banteay Meanchey province Banteay Meanchey","R72","2023128DMEPR_bant_rep3_R72_25",3,25,5,5,"check"," (Operator: lizbethpino, Time: )","Rayong72","test",0,237,30.89,25,237,9,NA,25,26.25,NA,NA,NA,100,8.108625,0
2023,"2023128DMEPR_bant","2023128DMEPR_bant","2023-May-24","2024-March-17","Banteay Meanchey province Banteay Meanchey",NA,"2023128DMEPR_bant_rep3_TMEB419_23",3,23,5,3,"test"," (Operator: lizbethpino, Time: )","TMEB-419","test",0,284,26.67,25,284,6,NA,22,17.2,NA,NA,NA,88,4.58724,0
2023,"2023129DMEPR_rata","2023129DMEPR_rata","2023-June-07","2024-February-29","Ratanak Mondul district, Battambang province","IBA057","2023129DMEPR_rata_rep1_IBA057_3",1,3,1,3,"test"," (Operator: lizbethpino, Time: )","IBA-920057","test",0,318.3,9.1,25,318.3,9,8,25,22.8,NA,NA,NA,100,2.0748,0
2023,"2023129DMEPR_rata","2023129DMEPR_rata","2023-June-07","2024-February-29","Ratanak Mondul district, Battambang province","IBA581","2023129DMEPR_rata_rep1_IBA581_1",1,1,1,1,"test"," (Operator: lizbethpino, Time: )","IBA-980581","test",0,125.3,15.9,25,146.5,8,10,23,20.7,NA,NA,NA,92,3.2913,0
2023,"2023129DMEPR_rata","2023129DMEPR_rata","2023-June-07","2024-February-29","Ratanak Mondul district, Battambang province",NA,"2023129DMEPR_rata_rep1_KU50_5",1,5,2,2,"check"," (Operator: lizbethpino, Time: )","KU50_is_KM94","check_released",0,257.7,20.7,25,257.7,9,12,24,30.7,NA,NA,NA,96,6.3549,0
2023,"2023129DMEPR_rata","2023129DMEPR_rata","2023-June-07","2024-February-29","Ratanak Mondul district, Battambang province",NA,"2023129DMEPR_rata_rep1_LocalC1_4",1,4,2,1,"check"," (Operator: lizbethpino, Time: )","LocalC1","test",6,227.3,24.3,25,227.3,7,8,17,27.7,NA,NA,NA,68,6.7311,35.2941176470588
2023,"2023129DMEPR_rata","2023129DMEPR_rata","2023-June-07","2024-February-29","Ratanak Mondul district, Battambang province",NA,"2023129DMEPR_rata_rep1_LocalC2_2",1,2,1,2,"check"," (Operator: lizbethpino, Time: )","LocalC2","test",3,267.3,24.7,25,267.3,3,8,21,27.7,NA,NA,NA,84,6.8419,14.2857142857143
2023,"2023129DMEPR_rata","2023129DMEPR_rata","2023-June-07","2024-February-29","Ratanak Mondul district, Battambang province",NA,"2023129DMEPR_rata_rep1_TMEB419_6",1,6,2,3,"test"," (Operator: lizbethpino, Time: )","TMEB-419","test",0,273.3,31.7,25,273.3,7,11,18,24.9,NA,NA,NA,72,7.8933,0
2023,"2023129DMEPR_rata","2023129DMEPR_rata","2023-June-07","2024-February-29","Ratanak Mondul district, Battambang province","IBA057","2023129DMEPR_rata_rep2_IBA057_10",2,10,4,1,"test"," (Operator: lizbethpino, Time: )","IBA-920057","test",0,252.7,14.3,25,252.7,9,8,23,16.7,NA,NA,NA,92,2.3881,0
2023,"2023129DMEPR_rata","2023129DMEPR_rata","2023-June-07","2024-February-29","Ratanak Mondul district, Battambang province","IBA581","2023129DMEPR_rata_rep2_IBA581_8",2,8,3,2,"test"," (Operator: lizbethpino, Time: )","IBA-980581","test",0,155.3,12.4,25,155.7,9,9,24,14.9,NA,NA,NA,96,1.8476,0
2023,"2023129DMEPR_rata","2023129DMEPR_rata","2023-June-07","2024-February-29","Ratanak Mondul district, Battambang province",NA,"2023129DMEPR_rata_rep2_KU50_12",2,12,4,3,"check"," (Operator: lizbethpino, Time: )","KU50_is_KM94","check_released",2,282.7,30.4,25,282.7,5,9,19,29.9,NA,NA,NA,76,9.0896,10.5263157894737
2023,"2023129DMEPR_rata","2023129DMEPR_rata","2023-June-07","2024-February-29","Ratanak Mondul district, Battambang province",NA,"2023129DMEPR_rata_rep2_LocalC1_9",2,9,3,3,"check"," (Operator: lizbethpino, Time: )","LocalC1","test",8,227,20.7,25,227,9,7,25,19,NA,NA,NA,100,3.933,32
2023,"2023129DMEPR_rata","2023129DMEPR_rata","2023-June-07","2024-February-29","Ratanak Mondul district, Battambang province",NA,"2023129DMEPR_rata_rep2_LocalC2_7",2,7,3,1,"check"," (Operator: lizbethpino, Time: )","LocalC2","test",1,280,27.3,25,280,3,11,17,23.1,NA,NA,NA,68,6.3063,5.88235294117647
2023,"2023129DMEPR_rata","2023129DMEPR_rata","2023-June-07","2024-February-29","Ratanak Mondul district, Battambang province",NA,"2023129DMEPR_rata_rep2_TMEB419_11",2,11,4,2,"test"," (Operator: lizbethpino, Time: )","TMEB-419","test",0,283.3,9.6,25,283.3,9,7,23,16.7,NA,NA,NA,92,1.6032,0
2023,"2023129DMEPR_rata","2023129DMEPR_rata","2023-June-07","2024-February-29","Ratanak Mondul district, Battambang province","IBA057","2023129DMEPR_rata_rep3_IBA057_16",3,16,6,1,"test"," (Operator: lizbethpino, Time: )","IBA-920057","test",0,322,5.6,25,322,9,7,25,14.1,NA,NA,NA,100,0.7896,0
2023,"2023129DMEPR_rata","2023129DMEPR_rata","2023-June-07","2024-February-29","Ratanak Mondul district, Battambang province","IBA581","2023129DMEPR_rata_rep3_IBA581_18",3,18,6,3,"test"," (Operator: lizbethpino, Time: )","IBA-980581","test",0,136.3,14.4,25,161.7,9,7,24,16.7,NA,NA,NA,96,2.4048,0
2023,"2023129DMEPR_rata","2023129DMEPR_rata","2023-June-07","2024-February-29","Ratanak Mondul district, Battambang province",NA,"2023129DMEPR_rata_rep3_KU50_17",3,17,6,2,"check"," (Operator: lizbethpino, Time: )","KU50_is_KM94","check_released",3,275,24.2,25,275,9,12,24,27.7,NA,NA,NA,96,6.7034,12.5
2023,"2023129DMEPR_rata","2023129DMEPR_rata","2023-June-07","2024-February-29","Ratanak Mondul district, Battambang province",NA,"2023129DMEPR_rata_rep3_LocalC1_13",3,13,5,1,"check"," (Operator: lizbethpino, Time: )","LocalC1","test",7,221,20.9,25,221,7,12,23,20.7,NA,NA,NA,92,4.3263,30.4347826086957
2023,"2023129DMEPR_rata","2023129DMEPR_rata","2023-June-07","2024-February-29","Ratanak Mondul district, Battambang province",NA,"2023129DMEPR_rata_rep3_LocalC2_15",3,15,5,3,"check"," (Operator: lizbethpino, Time: )","LocalC2","test",7,233,11.4,25,233,9,8,21,26.7,NA,NA,NA,84,3.0438,33.3333333333333
2023,"2023129DMEPR_rata","2023129DMEPR_rata","2023-June-07","2024-February-29","Ratanak Mondul district, Battambang province",NA,"2023129DMEPR_rata_rep3_TMEB419_14",3,14,5,2,"test"," (Operator: lizbethpino, Time: )","TMEB-419","test",0,251.3,26,25,251.3,5,10,22,27.7,NA,NA,NA,88,7.202,0
2023,"2023130DMEPR_anlo","2023130DMEPR_anlo","2023-May-26","2024-March-14","Anlong Veng District, Oddar Meanchey province","AR35,AR351","2023130DMEPR_anlo_rep1_AR35-1_6",1,6,2,5,"test"," (Operator: lizbethpino, Time: )","AR35-1","test",2,NA,4.7,NA,NA,3,6,NA,15.8,NA,NA,NA,NA,0.7426,NA
2023,"2023130DMEPR_anlo","2023130DMEPR_anlo","2023-May-26","2024-March-14","Anlong Veng District, Oddar Meanchey province",NA,"2023130DMEPR_anlo_rep1_CR13-8_9",1,9,2,2,"test"," (Operator: lizbethpino, Time: )","CR13-8","test",0,NA,15,NA,NA,9,9,NA,17.5,NA,NA,NA,NA,2.625,NA
2023,"2023130DMEPR_anlo","2023130DMEPR_anlo","2023-May-26","2024-March-14","Anlong Veng District, Oddar Meanchey province","CR243","2023130DMEPR_anlo_rep1_CR24-3_10",1,10,2,1,"test"," (Operator: lizbethpino, Time: )","CR24-3","test",0,NA,18.9,NA,NA,9,9,NA,14.7,NA,NA,NA,NA,2.7783,NA
2023,"2023130DMEPR_anlo","2023130DMEPR_anlo","2023-May-26","2024-March-14","Anlong Veng District, Oddar Meanchey province","CR52A-4","2023130DMEPR_anlo_rep1_CR52A-4_7",1,7,2,4,"test"," (Operator: lizbethpino, Time: )","CR52A4","test",0,NA,31.1,NA,NA,9,14,NA,20.8,NA,NA,NA,NA,6.4688,NA
2023,"2023130DMEPR_anlo","2023130DMEPR_anlo","2023-May-26","2024-March-14","Anlong Veng District, Oddar Meanchey province",NA,"2023130DMEPR_anlo_rep1_IBA-920057_8",1,8,2,3,"test"," (Operator: lizbethpino, Time: )","IBA-920057","test",2,NA,20.6,NA,NA,9,12,NA,20,NA,NA,NA,NA,4.12,NA
2023,"2023130DMEPR_anlo","2023130DMEPR_anlo","2023-May-26","2024-March-14","Anlong Veng District, Oddar Meanchey province",NA,"2023130DMEPR_anlo_rep1_IBA-980581_5",1,5,1,5,"test"," (Operator: lizbethpino, Time: )","IBA-980581","test",0,NA,31.1,NA,NA,9,14,NA,18.5,NA,NA,NA,NA,5.7535,NA
2023,"2023130DMEPR_anlo","2023130DMEPR_anlo","2023-May-26","2024-March-14","Anlong Veng District, Oddar Meanchey province",NA,"2023130DMEPR_anlo_rep1_KM325_2",1,2,1,2,"check"," (Operator: lizbethpino, Time: )","KM325","test",1,NA,23.6,NA,NA,7,8,NA,19.3,NA,NA,NA,NA,4.5548,NA
2023,"2023130DMEPR_anlo","2023130DMEPR_anlo","2023-May-26","2024-March-14","Anlong Veng District, Oddar Meanchey province",NA,"2023130DMEPR_anlo_rep1_KU50_3",1,3,1,3,"check"," (Operator: lizbethpino, Time: )","KU50_is_KM94","check_released",6,NA,32.5,NA,NA,8,17,NA,21.5,NA,NA,NA,NA,6.9875,NA
2023,"2023130DMEPR_anlo","2023130DMEPR_anlo","2023-May-26","2024-March-14","Anlong Veng District, Oddar Meanchey province",NA,"2023130DMEPR_anlo_rep1_R5_1",1,1,1,1,"check"," (Operator: lizbethpino, Time: )","Rayong5","test",2,NA,30.6,NA,NA,9,11,NA,22.9,NA,NA,NA,NA,7.0074,NA
2023,"2023130DMEPR_anlo","2023130DMEPR_anlo","2023-May-26","2024-March-14","Anlong Veng District, Oddar Meanchey province",NA,"2023130DMEPR_anlo_rep1_TMEB-419_4",1,4,1,4,"test"," (Operator: lizbethpino, Time: )","TMEB-419","test",2,NA,34.4,NA,NA,9,12,NA,22.4,NA,NA,NA,NA,7.7056,NA
2023,"2023130DMEPR_anlo","2023130DMEPR_anlo","2023-May-26","2024-March-14","Anlong Veng District, Oddar Meanchey province","AR35,AR351","2023130DMEPR_anlo_rep2_AR35-1_19",2,19,4,2,"test"," (Operator: lizbethpino, Time: )","AR35-1","test",3,NA,12.5,NA,NA,6,8,NA,18.2,NA,NA,NA,NA,2.275,NA
2023,"2023130DMEPR_anlo","2023130DMEPR_anlo","2023-May-26","2024-March-14","Anlong Veng District, Oddar Meanchey province",NA,"2023130DMEPR_anlo_rep2_CR13-8_18",2,18,4,3,"test"," (Operator: lizbethpino, Time: )","CR13-8","test",0,NA,17.8,NA,NA,9,11,NA,20.8,NA,NA,NA,NA,3.7024,NA
2023,"2023130DMEPR_anlo","2023130DMEPR_anlo","2023-May-26","2024-March-14","Anlong Veng District, Oddar Meanchey province","CR243","2023130DMEPR_anlo_rep2_CR24-3_16",2,16,4,5,"test"," (Operator: lizbethpino, Time: )","CR24-3","test",2,NA,32.8,NA,NA,9,10,NA,20.8,NA,NA,NA,NA,6.8224,NA
2023,"2023130DMEPR_anlo","2023130DMEPR_anlo","2023-May-26","2024-March-14","Anlong Veng District, Oddar Meanchey province","CR52A-4","2023130DMEPR_anlo_rep2_CR52A-4_14",2,14,3,4,"test"," (Operator: lizbethpino, Time: )","CR52A4","test",1,NA,24.4,NA,NA,9,15,NA,22.6,NA,NA,NA,NA,5.5144,NA
2023,"2023130DMEPR_anlo","2023130DMEPR_anlo","2023-May-26","2024-March-14","Anlong Veng District, Oddar Meanchey province",NA,"2023130DMEPR_anlo_rep2_IBA-920057_15",2,15,3,5,"test"," (Operator: lizbethpino, Time: )","IBA-920057","test",0,NA,13.9,NA,NA,9,9,NA,14,NA,NA,NA,NA,1.946,NA
2023,"2023130DMEPR_anlo","2023130DMEPR_anlo","2023-May-26","2024-March-14","Anlong Veng District, Oddar Meanchey province",NA,"2023130DMEPR_anlo_rep2_IBA-980581_17",2,17,4,4,"test"," (Operator: lizbethpino, Time: )","IBA-980581","test",0,NA,36.1,NA,NA,9,16,NA,16,NA,NA,NA,NA,5.776,NA
2023,"2023130DMEPR_anlo","2023130DMEPR_anlo","2023-May-26","2024-March-14","Anlong Veng District, Oddar Meanchey province",NA,"2023130DMEPR_anlo_rep2_KM325_13",2,13,3,3,"check"," (Operator: lizbethpino, Time: )","KM325","test",4,NA,34.1,NA,NA,8,11,NA,24.5,NA,NA,NA,NA,8.3545,NA
2023,"2023130DMEPR_anlo","2023130DMEPR_anlo","2023-May-26","2024-March-14","Anlong Veng District, Oddar Meanchey province",NA,"2023130DMEPR_anlo_rep2_KU50_11",2,11,3,1,"check"," (Operator: lizbethpino, Time: )","KU50_is_KM94","check_released",6,NA,40.6,NA,NA,8,15,NA,24.8,NA,NA,NA,NA,10.0688,NA
2023,"2023130DMEPR_anlo","2023130DMEPR_anlo","2023-May-26","2024-March-14","Anlong Veng District, Oddar Meanchey province",NA,"2023130DMEPR_anlo_rep2_R5_12",2,12,3,2,"check"," (Operator: lizbethpino, Time: )","Rayong5","test",0,NA,33.9,NA,NA,9,14,NA,22.8,NA,NA,NA,NA,7.7292,NA
2023,"2023130DMEPR_anlo","2023130DMEPR_anlo","2023-May-26","2024-March-14","Anlong Veng District, Oddar Meanchey province",NA,"2023130DMEPR_anlo_rep2_TMEB-419_20",2,20,4,1,"test"," (Operator: lizbethpino, Time: )","TMEB-419","test",1,NA,34.3,NA,NA,7,10,NA,18.4,NA,NA,NA,NA,6.3112,NA
2023,"2023130DMEPR_anlo","2023130DMEPR_anlo","2023-May-26","2024-March-14","Anlong Veng District, Oddar Meanchey province","AR35,AR351","2023130DMEPR_anlo_rep3_AR35-1_30",3,30,6,1,"test"," (Operator: lizbethpino, Time: )","AR35-1","test",4,NA,20,NA,NA,7,14,NA,14.5,NA,NA,NA,NA,2.9,NA
2023,"2023130DMEPR_anlo","2023130DMEPR_anlo","2023-May-26","2024-March-14","Anlong Veng District, Oddar Meanchey province",NA,"2023130DMEPR_anlo_rep3_CR13-8_27",3,27,6,4,"test"," (Operator: lizbethpino, Time: )","CR13-8","test",3,NA,21.1,NA,NA,9,13,NA,20.3,NA,NA,NA,NA,4.2833,NA
2023,"2023130DMEPR_anlo","2023130DMEPR_anlo","2023-May-26","2024-March-14","Anlong Veng District, Oddar Meanchey province","CR243","2023130DMEPR_anlo_rep3_CR24-3_22",3,22,5,2,"test"," (Operator: lizbethpino, Time: )","CR24-3","test",5,NA,26.7,NA,NA,9,17,NA,24.5,NA,NA,NA,NA,6.5415,NA
2023,"2023130DMEPR_anlo","2023130DMEPR_anlo","2023-May-26","2024-March-14","Anlong Veng District, Oddar Meanchey province","CR52A-4","2023130DMEPR_anlo_rep3_CR52A-4_28",3,28,6,3,"test"," (Operator: lizbethpino, Time: )","CR52A4","test",0,NA,29.4,NA,NA,9,19,NA,25.3,NA,NA,NA,NA,7.4382,NA
2023,"2023130DMEPR_anlo","2023130DMEPR_anlo","2023-May-26","2024-March-14","Anlong Veng District, Oddar Meanchey province",NA,"2023130DMEPR_anlo_rep3_IBA-920057_29",3,29,6,2,"test"," (Operator: lizbethpino, Time: )","IBA-920057","test",0,NA,13.3,NA,NA,9,11,NA,22.7,NA,NA,NA,NA,3.0191,NA
2023,"2023130DMEPR_anlo","2023130DMEPR_anlo","2023-May-26","2024-March-14","Anlong Veng District, Oddar Meanchey province",NA,"2023130DMEPR_anlo_rep3_IBA-980581_26",3,26,6,5,"test"," (Operator: lizbethpino, Time: )","IBA-980581","test",0,NA,35.6,NA,NA,9,19,NA,22.7,NA,NA,NA,NA,8.0812,NA
2023,"2023130DMEPR_anlo","2023130DMEPR_anlo","2023-May-26","2024-March-14","Anlong Veng District, Oddar Meanchey province",NA,"2023130DMEPR_anlo_rep3_KM325_21",3,21,5,1,"check"," (Operator: lizbethpino, Time: )","KM325","test",4,NA,26.1,NA,NA,9,12,NA,18.2,NA,NA,NA,NA,4.7502,NA
2023,"2023130DMEPR_anlo","2023130DMEPR_anlo","2023-May-26","2024-March-14","Anlong Veng District, Oddar Meanchey province",NA,"2023130DMEPR_anlo_rep3_KU50_24",3,24,5,4,"check"," (Operator: lizbethpino, Time: )","KU50_is_KM94","check_released",5,NA,30.7,NA,NA,7,18,NA,21.4,NA,NA,NA,NA,6.5698,NA
2023,"2023130DMEPR_anlo","2023130DMEPR_anlo","2023-May-26","2024-March-14","Anlong Veng District, Oddar Meanchey province",NA,"2023130DMEPR_anlo_rep3_R5_25",3,25,5,5,"check"," (Operator: lizbethpino, Time: )","Rayong5","test",1,NA,33.8,NA,NA,8,12,NA,23.9,NA,NA,NA,NA,8.0782,NA
2023,"2023130DMEPR_anlo","2023130DMEPR_anlo","2023-May-26","2024-March-14","Anlong Veng District, Oddar Meanchey province",NA,"2023130DMEPR_anlo_rep3_TMEB-419_23",3,23,5,3,"test"," (Operator: lizbethpino, Time: )","TMEB-419","test",1,NA,65,NA,NA,3,12,NA,27.8,NA,NA,NA,NA,18.07,NA
2023,"2023131DMEPR_stun","2023131DMEPR_stun","2023-May-29","2024-March-20","Stung Treng Province, Stung Treng","CR243","2023131DMEPR_stun_rep1_CR243_3",1,3,1,3,"test"," (Operator: lizbethpino, Time: )","CR24-3","test",0,100,31.3,25,220,9,NA,24,9.6,NA,NA,NA,96,3.0048,0
2023,"2023131DMEPR_stun","2023131DMEPR_stun","2023-May-29","2024-March-20","Stung Treng Province, Stung Treng",NA,"2023131DMEPR_stun_rep1_CR52_2",1,2,1,2,"test"," (Operator: lizbethpino, Time: )","CR52A4","test",0,90,26,25,250,9,NA,22,9.6,NA,NA,NA,88,2.496,0
2023,"2023131DMEPR_stun","2023131DMEPR_stun","2023-May-29","2024-March-20","Stung Treng Province, Stung Treng","IBA057","2023131DMEPR_stun_rep1_IBA057_6",1,6,2,2,"test"," (Operator: lizbethpino, Time: )","IBA-920057","test",0,210,10.6,25,320,8,NA,25,5.4,NA,NA,NA,100,0.5724,0
2023,"2023131DMEPR_stun","2023131DMEPR_stun","2023-May-29","2024-March-20","Stung Treng Province, Stung Treng","IBA581","2023131DMEPR_stun_rep1_IBA581_8",1,8,2,4,"test"," (Operator: lizbethpino, Time: )","IBA-980581","test",0,160,20,25,250,9,NA,25,6.1,NA,NA,NA,100,1.22,0
2023,"2023131DMEPR_stun","2023131DMEPR_stun","2023-May-29","2024-March-20","Stung Treng Province, Stung Treng","KM14","2023131DMEPR_stun_rep1_KM14_1",1,1,1,1,"check"," (Operator: lizbethpino, Time: )","KM140","test",0,32,29.3,25,190,9,NA,25,15.5,NA,NA,NA,100,4.5415,0
2023,"2023131DMEPR_stun","2023131DMEPR_stun","2023-May-29","2024-March-20","Stung Treng Province, Stung Treng",NA,"2023131DMEPR_stun_rep1_KM325_5",1,5,2,1,"check"," (Operator: lizbethpino, Time: )","KM325","test",0,160,34.4,25,250,9,NA,25,16.4,NA,NA,NA,100,5.6416,0
2023,"2023131DMEPR_stun","2023131DMEPR_stun","2023-May-29","2024-March-20","Stung Treng Province, Stung Treng",NA,"2023131DMEPR_stun_rep1_KU50_7",1,7,2,3,"check"," (Operator: lizbethpino, Time: )","KU50_is_KM94","check_released",0,150,32.2,25,210,9,NA,25,19.9,NA,NA,NA,100,6.4078,0
2023,"2023131DMEPR_stun","2023131DMEPR_stun","2023-May-29","2024-March-20","Stung Treng Province, Stung Treng",NA,"2023131DMEPR_stun_rep1_TMEB419_4",1,4,1,4,"test"," (Operator: lizbethpino, Time: )","TMEB-419","test",0,220,35.6,25,275,9,NA,25,2.5,NA,NA,NA,100,0.89,0
2023,"2023131DMEPR_stun","2023131DMEPR_stun","2023-May-29","2024-March-20","Stung Treng Province, Stung Treng","CR243","2023131DMEPR_stun_rep2_CR243_11",2,11,3,3,"test"," (Operator: lizbethpino, Time: )","CR24-3","test",0,150,20,25,310,7,NA,25,12,NA,NA,NA,100,2.4,0
2023,"2023131DMEPR_stun","2023131DMEPR_stun","2023-May-29","2024-March-20","Stung Treng Province, Stung Treng",NA,"2023131DMEPR_stun_rep2_CR52_16",2,16,4,4,"test"," (Operator: lizbethpino, Time: )","CR52A4","test",0,90,25.6,25,200,9,NA,25,14.7,NA,NA,NA,100,3.7632,0
2023,"2023131DMEPR_stun","2023131DMEPR_stun","2023-May-29","2024-March-20","Stung Treng Province, Stung Treng","IBA057","2023131DMEPR_stun_rep2_IBA057_9",2,9,3,1,"test"," (Operator: lizbethpino, Time: )","IBA-920057","test",0,310,18.5,25,310,2,NA,25,3,NA,NA,NA,100,0.555,0
2023,"2023131DMEPR_stun","2023131DMEPR_stun","2023-May-29","2024-March-20","Stung Treng Province, Stung Treng","IBA581","2023131DMEPR_stun_rep2_IBA581_14",2,14,4,2,"test"," (Operator: lizbethpino, Time: )","IBA-980581","test",0,180,14.4,25,320,9,NA,25,9.2,NA,NA,NA,100,1.3248,0
2023,"2023131DMEPR_stun","2023131DMEPR_stun","2023-May-29","2024-March-20","Stung Treng Province, Stung Treng","KM14","2023131DMEPR_stun_rep2_KM14_15",2,15,4,3,"check"," (Operator: lizbethpino, Time: )","KM140","test",2,150,22.3,25,150,9,NA,24,17.2,NA,NA,NA,96,3.8356,8.33333333333333
2023,"2023131DMEPR_stun","2023131DMEPR_stun","2023-May-29","2024-March-20","Stung Treng Province, Stung Treng",NA,"2023131DMEPR_stun_rep2_KM325_10",2,10,3,2,"check"," (Operator: lizbethpino, Time: )","KM325","test",0,210,28.2,25,280,9,NA,25,14.7,NA,NA,NA,100,4.1454,0
2023,"2023131DMEPR_stun","2023131DMEPR_stun","2023-May-29","2024-March-20","Stung Treng Province, Stung Treng",NA,"2023131DMEPR_stun_rep2_KU50_12",2,12,3,4,"check"," (Operator: lizbethpino, Time: )","KU50_is_KM94","check_released",0,190,29.4,25,290,9,NA,25,18.1,NA,NA,NA,100,5.3214,0
2023,"2023131DMEPR_stun","2023131DMEPR_stun","2023-May-29","2024-March-20","Stung Treng Province, Stung Treng",NA,"2023131DMEPR_stun_rep2_TMEB419_13",2,13,4,1,"test"," (Operator: lizbethpino, Time: )","TMEB-419","test",0,320,27.4,25,320,7,NA,23,21.8,NA,NA,NA,92,5.9732,0
2023,"2023131DMEPR_stun","2023131DMEPR_stun","2023-May-29","2024-March-20","Stung Treng Province, Stung Treng","CR243","2023131DMEPR_stun_rep3_CR243_18",3,18,5,2,"test"," (Operator: lizbethpino, Time: )","CR24-3","test",0,90,20.3,25,170,9,NA,25,7.9,NA,NA,NA,100,1.6037,0
2023,"2023131DMEPR_stun","2023131DMEPR_stun","2023-May-29","2024-March-20","Stung Treng Province, Stung Treng",NA,"2023131DMEPR_stun_rep3_CR52_19",3,19,5,3,"test"," (Operator: lizbethpino, Time: )","CR52A4","test",0,95,23.1,25,220,9,NA,25,13.4,NA,NA,NA,100,3.0954,0
2023,"2023131DMEPR_stun","2023131DMEPR_stun","2023-May-29","2024-March-20","Stung Treng Province, Stung Treng","IBA057","2023131DMEPR_stun_rep3_IBA057_21",3,21,6,1,"test"," (Operator: lizbethpino, Time: )","IBA-920057","test",0,180,19.3,25,270,9,NA,25,14,NA,NA,NA,100,2.702,0
2023,"2023131DMEPR_stun","2023131DMEPR_stun","2023-May-29","2024-March-20","Stung Treng Province, Stung Treng","IBA581","2023131DMEPR_stun_rep3_IBA581_24",3,24,6,4,"test"," (Operator: lizbethpino, Time: )","IBA-980581","test",0,100,14.4,25,300,9,NA,25,17.4,NA,NA,NA,100,2.5056,0
2023,"2023131DMEPR_stun","2023131DMEPR_stun","2023-May-29","2024-March-20","Stung Treng Province, Stung Treng","KM14","2023131DMEPR_stun_rep3_KM14_17",3,17,5,1,"check"," (Operator: lizbethpino, Time: )","KM140","test",2,160,24.7,25,160,9,NA,25,20.1,NA,NA,NA,100,4.9647,8
2023,"2023131DMEPR_stun","2023131DMEPR_stun","2023-May-29","2024-March-20","Stung Treng Province, Stung Treng",NA,"2023131DMEPR_stun_rep3_KM325_23",3,23,6,3,"check"," (Operator: lizbethpino, Time: )","KM325","test",0,180,46.7,25,180,9,NA,25,17.6,NA,NA,NA,100,8.2192,0
2023,"2023131DMEPR_stun","2023131DMEPR_stun","2023-May-29","2024-March-20","Stung Treng Province, Stung Treng",NA,"2023131DMEPR_stun_rep3_KU50_20",3,20,5,4,"check"," (Operator: lizbethpino, Time: )","KU50_is_KM94","check_released",0,230,34.9,25,230,9,NA,25,17.6,NA,NA,NA,100,6.1424,0
2023,"2023131DMEPR_stun","2023131DMEPR_stun","2023-May-29","2024-March-20","Stung Treng Province, Stung Treng",NA,"2023131DMEPR_stun_rep3_TMEB419_22",3,22,6,2,"test"," (Operator: lizbethpino, Time: )","TMEB-419","test",0,160,17.3,25,160,8,NA,20,15.5,NA,NA,NA,80,2.6815,0
2023,"2023132DMEPR_naph","2023132DMEPR_naph","2023-April-24","2024-February-27","Naphok",NA,"2023132DMEPR_naph_rep1_CM9912-167_2",1,2,1,2,"test"," (Operator: lizbethpino, Time: )","CM9912-167","test",NA,NA,21.7,14,322,NA,NA,6,30.8,17.6,13,1,42.8571428571429,6.6836,NA
2023,"2023132DMEPR_naph","2023132DMEPR_naph","2023-April-24","2024-February-27","Naphok",NA,"2023132DMEPR_naph_rep1_GM1263-6_12",1,12,2,3,"test"," (Operator: lizbethpino, Time: )","GM1263-6","test",NA,NA,35.3,14,282,NA,NA,6,26.7,13.2,21.2,0,42.8571428571429,9.4251,NA
2023,"2023132DMEPR_naph","2023132DMEPR_naph","2023-April-24","2024-February-27","Naphok",NA,"2023132DMEPR_naph_rep1_Hanoi1_8",1,8,2,7,"test"," (Operator: lizbethpino, Time: )","TMEB-419","test",NA,NA,40,14,224,NA,NA,6,30.6,15.2,24,0,42.8571428571429,12.24,NA
2023,"2023132DMEPR_naph","2023132DMEPR_naph","2023-April-24","2024-February-27","Naphok",NA,"2023132DMEPR_naph_rep1_Hanoi2_11",1,11,2,4,"test"," (Operator: lizbethpino, Time: )","IBA-920057","test",NA,NA,31,14,230,NA,NA,6,20.1,15.8,18.6,0,42.8571428571429,6.231,NA
2023,"2023132DMEPR_naph","2023132DMEPR_naph","2023-April-24","2024-February-27","Naphok",NA,"2023132DMEPR_naph_rep1_Hanoi3_13",1,13,2,2,"test"," (Operator: lizbethpino, Time: )","IBA-972205","test",NA,NA,26.7,14,180,NA,NA,6,26.1,15.6,16,0,42.8571428571429,6.9687,NA
2023,"2023132DMEPR_naph","2023132DMEPR_naph","2023-April-24","2024-February-27","Naphok",NA,"2023132DMEPR_naph_rep1_Hanoi4_9",1,9,2,6,"test"," (Operator: lizbethpino, Time: )","IBA-980505","test",NA,NA,22.3,14,220,NA,NA,6,20.9,13,13.4,0,42.8571428571429,4.6607,NA
2023,"2023132DMEPR_naph","2023132DMEPR_naph","2023-April-24","2024-February-27","Naphok",NA,"2023132DMEPR_naph_rep1_Hanoi5_6",1,6,1,6,"test"," (Operator: lizbethpino, Time: )","IBA-980581","test",NA,NA,31,14,315,NA,NA,6,24.3,20,18.6,0,42.8571428571429,7.533,NA
2023,"2023132DMEPR_naph","2023132DMEPR_naph","2023-April-24","2024-February-27","Naphok",NA,"2023132DMEPR_naph_rep1_KU50_3",1,3,1,3,"check"," (Operator: lizbethpino, Time: )","KU50_is_KM94","check_released",NA,NA,30,14,335,NA,NA,6,28.6,19,18,0,42.8571428571429,8.58,NA
2023,"2023132DMEPR_naph","2023132DMEPR_naph","2023-April-24","2024-February-27","Naphok",NA,"2023132DMEPR_naph_rep1_Rayong11_14",1,14,2,1,"check"," (Operator: lizbethpino, Time: )","Rayong11","test",NA,NA,16.7,14,280,NA,NA,6,27,14,10,1,42.8571428571429,4.509,NA
2023,"2023132DMEPR_naph","2023132DMEPR_naph","2023-April-24","2024-February-27","Naphok","R72","2023132DMEPR_naph_rep1_Rayong72_5",1,5,1,5,"check"," (Operator: lizbethpino, Time: )","Rayong72","test",NA,NA,47,14,310,NA,NA,6,29.2,18,28.2,0,42.8571428571429,13.724,NA
2023,"2023132DMEPR_naph","2023132DMEPR_naph","2023-April-24","2024-February-27","Naphok",NA,"2023132DMEPR_naph_rep1_SM1127-8_4",1,4,1,4,"test"," (Operator: lizbethpino, Time: )","SM1127-8_is_Cubana","check_released",NA,NA,29.3,14,303,NA,NA,6,28.6,19.6,17.6,0,42.8571428571429,8.3798,NA
2023,"2023132DMEPR_naph","2023132DMEPR_naph","2023-April-24","2024-February-27","Naphok",NA,"2023132DMEPR_naph_rep1_SM1669-5_1",1,1,1,1,"test"," (Operator: lizbethpino, Time: )","SM1669-5","test",NA,NA,34.3,14,319,NA,NA,6,31.1,18,20.6,1,42.8571428571429,10.6673,NA
2023,"2023132DMEPR_naph","2023132DMEPR_naph","2023-April-24","2024-February-27","Naphok",NA,"2023132DMEPR_naph_rep1_SM2775-2_7",1,7,1,7,"test"," (Operator: lizbethpino, Time: )","SM2775-2","test",NA,NA,45,14,300,NA,NA,6,28.1,22.6,27,0,42.8571428571429,12.645,NA
2023,"2023132DMEPR_naph","2023132DMEPR_naph","2023-April-24","2024-February-27","Naphok",NA,"2023132DMEPR_naph_rep1_SM2775-4_10",1,10,2,5,"test"," (Operator: lizbethpino, Time: )","SM2775-4_is_Bellotti","check_released",NA,NA,23,14,240,NA,NA,5,28.7,14.4,13.8,0,35.7142857142857,6.601,NA
2023,"2023132DMEPR_naph","2023132DMEPR_naph","2023-April-24","2024-February-27","Naphok",NA,"2023132DMEPR_naph_rep2_CM9912-167_19",2,19,3,5,"test"," (Operator: lizbethpino, Time: )","CM9912-167","test",NA,NA,46,14,312,NA,NA,6,30.4,19,27.6,0,42.8571428571429,13.984,NA
2023,"2023132DMEPR_naph","2023132DMEPR_naph","2023-April-24","2024-February-27","Naphok",NA,"2023132DMEPR_naph_rep2_GM1263-6_23",2,23,4,6,"test"," (Operator: lizbethpino, Time: )","GM1263-6","test",NA,NA,51,14,224,NA,NA,6,27.4,15,30.6,0,42.8571428571429,13.974,NA
2023,"2023132DMEPR_naph","2023132DMEPR_naph","2023-April-24","2024-February-27","Naphok",NA,"2023132DMEPR_naph_rep2_Hanoi1_16",2,16,3,2,"test"," (Operator: lizbethpino, Time: )","TMEB-419","test",NA,NA,38.3,14,214,NA,NA,6,29.2,14.8,23,0,42.8571428571429,11.1836,NA
2023,"2023132DMEPR_naph","2023132DMEPR_naph","2023-April-24","2024-February-27","Naphok",NA,"2023132DMEPR_naph_rep2_Hanoi2_28",2,28,4,1,"test"," (Operator: lizbethpino, Time: )","IBA-920057","test",NA,NA,27.3,14,285,NA,NA,6,22.4,18.8,16.4,0,42.8571428571429,6.1152,NA
2023,"2023132DMEPR_naph","2023132DMEPR_naph","2023-April-24","2024-February-27","Naphok",NA,"2023132DMEPR_naph_rep2_Hanoi3_21",2,21,3,7,"test"," (Operator: lizbethpino, Time: )","IBA-972205","test",NA,NA,31.7,14,250,NA,NA,6,24.2,18,19,0,42.8571428571429,7.6714,NA
2023,"2023132DMEPR_naph","2023132DMEPR_naph","2023-April-24","2024-February-27","Naphok",NA,"2023132DMEPR_naph_rep2_Hanoi4_18",2,18,3,4,"test"," (Operator: lizbethpino, Time: )","IBA-980505","test",NA,NA,24.7,14,227,NA,NA,6,19.6,15,14.8,1,42.8571428571429,4.8412,NA
2023,"2023132DMEPR_naph","2023132DMEPR_naph","2023-April-24","2024-February-27","Naphok",NA,"2023132DMEPR_naph_rep2_Hanoi5_26",2,26,4,3,"test"," (Operator: lizbethpino, Time: )","IBA-980581","test",NA,NA,34.7,14,260,NA,NA,6,25.2,18.8,20.8,0,42.8571428571429,8.7444,NA
2023,"2023132DMEPR_naph","2023132DMEPR_naph","2023-April-24","2024-February-27","Naphok",NA,"2023132DMEPR_naph_rep2_KU50_20",2,20,3,6,"check"," (Operator: lizbethpino, Time: )","KU50_is_KM94","check_released",NA,NA,39,14,232,NA,NA,6,27.6,14.8,23.4,0,42.8571428571429,10.764,NA
2023,"2023132DMEPR_naph","2023132DMEPR_naph","2023-April-24","2024-February-27","Naphok",NA,"2023132DMEPR_naph_rep2_Rayong11_25",2,25,4,4,"check"," (Operator: lizbethpino, Time: )","Rayong11","test",NA,NA,40.7,14,215,NA,NA,6,27.2,12,24.4,0,42.8571428571429,11.0704,NA
2023,"2023132DMEPR_naph","2023132DMEPR_naph","2023-April-24","2024-February-27","Naphok","R72","2023132DMEPR_naph_rep2_Rayong72_27",2,27,4,2,"check"," (Operator: lizbethpino, Time: )","Rayong72","test",NA,NA,35.3,14,270,NA,NA,6,26.9,11.6,21.2,0,42.8571428571429,9.4957,NA
2023,"2023132DMEPR_naph","2023132DMEPR_naph","2023-April-24","2024-February-27","Naphok",NA,"2023132DMEPR_naph_rep2_SM1127-8_22",2,22,4,7,"test"," (Operator: lizbethpino, Time: )","SM1127-8_is_Cubana","check_released",NA,NA,30.7,14,220,NA,NA,6,29.3,14.4,18.4,0,42.8571428571429,8.9951,NA
2023,"2023132DMEPR_naph","2023132DMEPR_naph","2023-April-24","2024-February-27","Naphok",NA,"2023132DMEPR_naph_rep2_SM1669-5_17",2,17,3,3,"test"," (Operator: lizbethpino, Time: )","SM1669-5","test",NA,NA,31,14,276,NA,NA,6,31.4,20,18.6,1,42.8571428571429,9.734,NA
2023,"2023132DMEPR_naph","2023132DMEPR_naph","2023-April-24","2024-February-27","Naphok",NA,"2023132DMEPR_naph_rep2_SM2775-2_24",2,24,4,5,"test"," (Operator: lizbethpino, Time: )","SM2775-2","test",NA,NA,32.7,14,234,NA,NA,5,29.1,12.8,19.6,0,35.7142857142857,9.5157,NA
2023,"2023132DMEPR_naph","2023132DMEPR_naph","2023-April-24","2024-February-27","Naphok",NA,"2023132DMEPR_naph_rep2_SM2775-4_15",2,15,3,1,"test"," (Operator: lizbethpino, Time: )","SM2775-4_is_Bellotti","check_released",NA,NA,15.3,14,320,NA,NA,6,26.8,13,9.2,1,42.8571428571429,4.1004,NA
2023,"2023132DMEPR_naph","2023132DMEPR_naph","2023-April-24","2024-February-27","Naphok",NA,"2023132DMEPR_naph_rep3_CM9912-167_42",3,42,6,1,"test"," (Operator: lizbethpino, Time: )","CM9912-167","test",NA,NA,28.7,14,216,NA,NA,6,30.1,11,17.2,0,42.8571428571429,8.6387,NA
2023,"2023132DMEPR_naph","2023132DMEPR_naph","2023-April-24","2024-February-27","Naphok",NA,"2023132DMEPR_naph_rep3_GM1263-6_35",3,35,5,7,"test"," (Operator: lizbethpino, Time: )","GM1263-6","test",NA,NA,36.7,14,235,NA,NA,6,27.6,14.4,22,0,42.8571428571429,10.1292,NA
2023,"2023132DMEPR_naph","2023132DMEPR_naph","2023-April-24","2024-February-27","Naphok",NA,"2023132DMEPR_naph_rep3_Hanoi1_34",3,34,5,6,"test"," (Operator: lizbethpino, Time: )","TMEB-419","test",NA,NA,37.3,14,195,NA,NA,6,30.3,12,22.4,0,42.8571428571429,11.3019,NA
2023,"2023132DMEPR_naph","2023132DMEPR_naph","2023-April-24","2024-February-27","Naphok",NA,"2023132DMEPR_naph_rep3_Hanoi2_39",3,39,6,4,"test"," (Operator: lizbethpino, Time: )","IBA-920057","test",NA,NA,27.3,14,250,NA,NA,6,21.9,13.4,16.4,0,42.8571428571429,5.9787,NA
2023,"2023132DMEPR_naph","2023132DMEPR_naph","2023-April-24","2024-February-27","Naphok",NA,"2023132DMEPR_naph_rep3_Hanoi3_29",3,29,5,1,"test"," (Operator: lizbethpino, Time: )","IBA-972205","test",NA,NA,20,14,190,NA,NA,6,24.2,9.8,12,0,42.8571428571429,4.84,NA
2023,"2023132DMEPR_naph","2023132DMEPR_naph","2023-April-24","2024-February-27","Naphok",NA,"2023132DMEPR_naph_rep3_Hanoi4_31",3,31,5,3,"test"," (Operator: lizbethpino, Time: )","IBA-980505","test",NA,NA,31,14,216,NA,NA,6,20,15.8,18.6,0,42.8571428571429,6.2,NA
2023,"2023132DMEPR_naph","2023132DMEPR_naph","2023-April-24","2024-February-27","Naphok",NA,"2023132DMEPR_naph_rep3_Hanoi5_41",3,41,6,2,"test"," (Operator: lizbethpino, Time: )","IBA-980581","test",NA,NA,38.3,14,210,NA,NA,6,22.4,13.6,23,0,42.8571428571429,8.5792,NA
2023,"2023132DMEPR_naph","2023132DMEPR_naph","2023-April-24","2024-February-27","Naphok",NA,"2023132DMEPR_naph_rep3_KU50_30",3,30,5,2,"check"," (Operator: lizbethpino, Time: )","KU50_is_KM94","check_released",NA,NA,23.3,14,210,NA,NA,6,29.3,16.8,14,0,42.8571428571429,6.8269,NA
2023,"2023132DMEPR_naph","2023132DMEPR_naph","2023-April-24","2024-February-27","Naphok",NA,"2023132DMEPR_naph_rep3_Rayong11_37",3,37,6,6,"check"," (Operator: lizbethpino, Time: )","Rayong11","test",NA,NA,33.7,14,187,NA,NA,6,29.7,9,20.2,1,42.8571428571429,10.0089,NA
2023,"2023132DMEPR_naph","2023132DMEPR_naph","2023-April-24","2024-February-27","Naphok","R72","2023132DMEPR_naph_rep3_Rayong72_32",3,32,5,4,"check"," (Operator: lizbethpino, Time: )","Rayong72","test",NA,NA,41,14,272,NA,NA,6,28.9,15,24.6,0,42.8571428571429,11.849,NA
2023,"2023132DMEPR_naph","2023132DMEPR_naph","2023-April-24","2024-February-27","Naphok",NA,"2023132DMEPR_naph_rep3_SM1127-8_40",3,40,6,3,"test"," (Operator: lizbethpino, Time: )","SM1127-8_is_Cubana","check_released",NA,NA,22,14,223,NA,NA,6,28.5,10,13.2,0,42.8571428571429,6.27,NA
2023,"2023132DMEPR_naph","2023132DMEPR_naph","2023-April-24","2024-February-27","Naphok",NA,"2023132DMEPR_naph_rep3_SM1669-5_33",3,33,5,5,"test"," (Operator: lizbethpino, Time: )","SM1669-5","test",NA,NA,32.7,14,242,NA,NA,6,33.9,12.2,19.6,0,42.8571428571429,11.0853,NA
2023,"2023132DMEPR_naph","2023132DMEPR_naph","2023-April-24","2024-February-27","Naphok",NA,"2023132DMEPR_naph_rep3_SM2775-2_38",3,38,6,5,"test"," (Operator: lizbethpino, Time: )","SM2775-2","test",NA,NA,27.3,14,256,NA,NA,6,28,14.4,16.4,0,42.8571428571429,7.644,NA
2023,"2023132DMEPR_naph","2023132DMEPR_naph","2023-April-24","2024-February-27","Naphok",NA,"2023132DMEPR_naph_rep3_SM2775-4_36",3,36,6,7,"test"," (Operator: lizbethpino, Time: )","SM2775-4_is_Bellotti","check_released",NA,NA,26.7,14,259,NA,NA,6,29.6,17,16,0,42.8571428571429,7.9032,NA
2023,"2023135DMEPR_blik","2023135DMEPR_blik","2023-May-19","2024-March-20","Bolikham district, Bolikhamxay province",NA,"2023135DMEPR_blik_rep1_CM9912-167_5",1,5,1,5,"test"," (Operator: lizbethpino, Time: )","CM9912-167","test",NA,NA,18.3,13,149,6,NA,NA,20.1,NA,11,NA,NA,3.6783,NA
2023,"2023135DMEPR_blik","2023135DMEPR_blik","2023-May-19","2024-March-20","Bolikham district, Bolikhamxay province",NA,"2023135DMEPR_blik_rep1_GM1263-6_10",1,10,2,1,"test"," (Operator: lizbethpino, Time: )","GM1263-6","test",NA,NA,6.7,13,125,6,NA,NA,11.4,NA,4,NA,NA,0.7638,NA
2023,"2023135DMEPR_blik","2023135DMEPR_blik","2023-May-19","2024-March-20","Bolikham district, Bolikhamxay province","IBA057","2023135DMEPR_blik_rep1_IBA920057_8",1,8,2,3,"test"," (Operator: lizbethpino, Time: )","IBA-920057","test",NA,NA,4.3,13,138,6,NA,NA,11.8,NA,2.6,NA,NA,0.5074,NA
2023,"2023135DMEPR_blik","2023135DMEPR_blik","2023-May-19","2024-March-20","Bolikham district, Bolikhamxay province",NA,"2023135DMEPR_blik_rep1_IBA972205_3",1,3,1,3,"test"," (Operator: lizbethpino, Time: )","IBA-972205","test",NA,NA,3.3,13,136,3,NA,NA,25.8,NA,2,NA,NA,0.8514,NA
2023,"2023135DMEPR_blik","2023135DMEPR_blik","2023-May-19","2024-March-20","Bolikham district, Bolikhamxay province","98/0581,980581,Dixon,I980581,IBA980581,IITA-IBA980581,IITA-TMS-980581,TMS 98/0581,TMS-I980581","2023135DMEPR_blik_rep1_IBA980581_15",1,15,3,5,"test"," (Operator: lizbethpino, Time: )","IBA-980581","test",NA,NA,6.7,13,115,6,NA,NA,12.5,NA,4,NA,NA,0.8375,NA
2023,"2023135DMEPR_blik","2023135DMEPR_blik","2023-May-19","2024-March-20","Bolikham district, Bolikhamxay province",NA,"2023135DMEPR_blik_rep1_KU50_11",1,11,3,1,"check"," (Operator: lizbethpino, Time: )","KU50_is_KM94","check_released",NA,NA,22.3,13,149,6,NA,NA,24.4,NA,13.4,NA,NA,5.4412,NA
2023,"2023135DMEPR_blik","2023135DMEPR_blik","2023-May-19","2024-March-20","Bolikham district, Bolikhamxay province",NA,"2023135DMEPR_blik_rep1_KU50-15_4",1,4,1,4,"test"," (Operator: lizbethpino, Time: )","KU50_is_KM94","test",NA,NA,18.3,13,149,6,NA,NA,27,NA,11,NA,NA,4.941,NA
2023,"2023135DMEPR_blik","2023135DMEPR_blik","2023-May-19","2024-March-20","Bolikham district, Bolikhamxay province",NA,"2023135DMEPR_blik_rep1_KU50-H4_12",1,12,3,2,"test"," (Operator: lizbethpino, Time: )","KU50_is_KM94","test",NA,NA,25,13,149,6,NA,NA,26.2,NA,15,NA,NA,6.55,NA
2023,"2023135DMEPR_blik","2023135DMEPR_blik","2023-May-19","2024-March-20","Bolikham district, Bolikhamxay province",NA,"2023135DMEPR_blik_rep1_Rayong11_9",1,9,2,2,"check"," (Operator: lizbethpino, Time: )","Rayong11","test",NA,NA,19.7,13,120,6,NA,NA,28.1,NA,11.8,NA,NA,5.5357,NA
2023,"2023135DMEPR_blik","2023135DMEPR_blik","2023-May-19","2024-March-20","Bolikham district, Bolikhamxay province","R72","2023135DMEPR_blik_rep1_Rayong72_1",1,1,1,1,"check"," (Operator: lizbethpino, Time: )","Rayong72","test",NA,NA,17.7,13,120,6,NA,NA,31.1,NA,10.6,NA,NA,5.5047,NA
2023,"2023135DMEPR_blik","2023135DMEPR_blik","2023-May-19","2024-March-20","Bolikham district, Bolikhamxay province",NA,"2023135DMEPR_blik_rep1_SM1127-8_7",1,7,2,4,"test"," (Operator: lizbethpino, Time: )","SM1127-8_is_Cubana","check_released",NA,NA,3,13,80,3,NA,NA,12.3,NA,1.8,NA,NA,0.369,NA
2023,"2023135DMEPR_blik","2023135DMEPR_blik","2023-May-19","2024-March-20","Bolikham district, Bolikhamxay province",NA,"2023135DMEPR_blik_rep1_SM1669-5_14",1,14,3,4,"test"," (Operator: lizbethpino, Time: )","SM1669-5","test",NA,NA,8.3,13,150,6,NA,NA,10.9,NA,5,NA,NA,0.9047,NA
2023,"2023135DMEPR_blik","2023135DMEPR_blik","2023-May-19","2024-March-20","Bolikham district, Bolikhamxay province",NA,"2023135DMEPR_blik_rep1_SM2775-2_2",1,2,1,2,"test"," (Operator: lizbethpino, Time: )","SM2775-2","test",NA,NA,8.3,13,95,5,NA,NA,15.3,NA,5,NA,NA,1.2699,NA
2023,"2023135DMEPR_blik","2023135DMEPR_blik","2023-May-19","2024-March-20","Bolikham district, Bolikhamxay province",NA,"2023135DMEPR_blik_rep1_SM2775-4_13",1,13,3,3,"test"," (Operator: lizbethpino, Time: )","SM2775-4_is_Bellotti","check_released",NA,NA,11.7,13,126,6,NA,NA,17.8,NA,7,NA,NA,2.0826,NA
2023,"2023135DMEPR_blik","2023135DMEPR_blik","2023-May-19","2024-March-20","Bolikham district, Bolikhamxay province",NA,"2023135DMEPR_blik_rep1_TMEB419_6",1,6,2,5,"test"," (Operator: lizbethpino, Time: )","TMEB-419","test",NA,NA,20,13,139,6,NA,NA,26.5,NA,12,NA,NA,5.3,NA
2023,"2023135DMEPR_blik","2023135DMEPR_blik","2023-May-19","2024-March-20","Bolikham district, Bolikhamxay province",NA,"2023135DMEPR_blik_rep2_CM9912-167_28",2,28,6,3,"test"," (Operator: lizbethpino, Time: )","CM9912-167","test",NA,NA,22.5,13,136,6,NA,NA,19,NA,13.5,NA,NA,4.275,NA
2023,"2023135DMEPR_blik","2023135DMEPR_blik","2023-May-19","2024-March-20","Bolikham district, Bolikhamxay province",NA,"2023135DMEPR_blik_rep2_GM1263-6_19",2,19,4,2,"test"," (Operator: lizbethpino, Time: )","GM1263-6","test",NA,NA,8.3,13,141,6,NA,NA,17.7,NA,5,NA,NA,1.4691,NA
2023,"2023135DMEPR_blik","2023135DMEPR_blik","2023-May-19","2024-March-20","Bolikham district, Bolikhamxay province","IBA057","2023135DMEPR_blik_rep2_IBA920057_21",2,21,5,1,"test"," (Operator: lizbethpino, Time: )","IBA-920057","test",NA,NA,5,13,115,6,NA,NA,11.2,NA,3,NA,NA,0.56,NA
2023,"2023135DMEPR_blik","2023135DMEPR_blik","2023-May-19","2024-March-20","Bolikham district, Bolikhamxay province",NA,"2023135DMEPR_blik_rep2_IBA972205_16",2,16,4,5,"test"," (Operator: lizbethpino, Time: )","IBA-972205","test",NA,NA,3.3,13,140,6,NA,NA,13.5,NA,2,NA,NA,0.4455,NA
2023,"2023135DMEPR_blik","2023135DMEPR_blik","2023-May-19","2024-March-20","Bolikham district, Bolikhamxay province","98/0581,980581,Dixon,I980581,IBA980581,IITA-IBA980581,IITA-TMS-980581,TMS 98/0581,TMS-I980581","2023135DMEPR_blik_rep2_IBA980581_17",2,17,4,4,"test"," (Operator: lizbethpino, Time: )","IBA-980581","test",NA,NA,6.7,13,94,6,NA,NA,10.5,NA,4,NA,NA,0.7035,NA
2023,"2023135DMEPR_blik","2023135DMEPR_blik","2023-May-19","2024-March-20","Bolikham district, Bolikhamxay province",NA,"2023135DMEPR_blik_rep2_KU50-15_25",2,25,5,5,"test"," (Operator: lizbethpino, Time: )","KU50_is_KM94","test",NA,NA,26,13,149,6,NA,NA,27.3,NA,15.6,NA,NA,7.098,NA
2023,"2023135DMEPR_blik","2023135DMEPR_blik","2023-May-19","2024-March-20","Bolikham district, Bolikhamxay province",NA,"2023135DMEPR_blik_rep2_KU50_27",2,27,6,4,"check"," (Operator: lizbethpino, Time: )","KU50_is_KM94","check_released",NA,NA,33.3,13,149,6,NA,NA,26,NA,20,NA,NA,8.658,NA
2023,"2023135DMEPR_blik","2023135DMEPR_blik","2023-May-19","2024-March-20","Bolikham district, Bolikhamxay province",NA,"2023135DMEPR_blik_rep2_KU50-H4_30",2,30,6,1,"test"," (Operator: lizbethpino, Time: )","KU50_is_KM94","test",NA,NA,24.7,13,132,6,NA,NA,23.3,NA,14.8,NA,NA,5.7551,NA
2023,"2023135DMEPR_blik","2023135DMEPR_blik","2023-May-19","2024-March-20","Bolikham district, Bolikhamxay province",NA,"2023135DMEPR_blik_rep2_Rayong11_24",2,24,5,4,"check"," (Operator: lizbethpino, Time: )","Rayong11","test",NA,NA,21,13,149,6,NA,NA,26.1,NA,12.6,NA,NA,5.481,NA
2023,"2023135DMEPR_blik","2023135DMEPR_blik","2023-May-19","2024-March-20","Bolikham district, Bolikhamxay province","R72","2023135DMEPR_blik_rep2_Rayong72_22",2,22,5,2,"check"," (Operator: lizbethpino, Time: )","Rayong72","test",NA,NA,24.2,13,149,6,NA,NA,23.5,NA,14.5,NA,NA,5.687,NA
2023,"2023135DMEPR_blik","2023135DMEPR_blik","2023-May-19","2024-March-20","Bolikham district, Bolikhamxay province",NA,"2023135DMEPR_blik_rep2_SM1127-8_29",2,29,6,2,"test"," (Operator: lizbethpino, Time: )","SM1127-8_is_Cubana","check_released",NA,NA,3.3,13,137,4,NA,NA,23.9,NA,2,NA,NA,0.7887,NA
2023,"2023135DMEPR_blik","2023135DMEPR_blik","2023-May-19","2024-March-20","Bolikham district, Bolikhamxay province",NA,"2023135DMEPR_blik_rep2_SM1669-5_18",2,18,4,3,"test"," (Operator: lizbethpino, Time: )","SM1669-5","test",NA,NA,10.3,13,148,6,NA,NA,17.5,NA,6.2,NA,NA,1.8025,NA
2023,"2023135DMEPR_blik","2023135DMEPR_blik","2023-May-19","2024-March-20","Bolikham district, Bolikhamxay province",NA,"2023135DMEPR_blik_rep2_SM2775-2_20",2,20,4,1,"test"," (Operator: lizbethpino, Time: )","SM2775-2","test",NA,NA,7,13,117,5,NA,NA,14.3,NA,4.2,NA,NA,1.001,NA
2023,"2023135DMEPR_blik","2023135DMEPR_blik","2023-May-19","2024-March-20","Bolikham district, Bolikhamxay province",NA,"2023135DMEPR_blik_rep2_SM2775-4_26",2,26,6,5,"test"," (Operator: lizbethpino, Time: )","SM2775-4_is_Bellotti","check_released",NA,NA,15,13,149,6,NA,NA,25.3,NA,9,NA,NA,3.795,NA
2023,"2023135DMEPR_blik","2023135DMEPR_blik","2023-May-19","2024-March-20","Bolikham district, Bolikhamxay province",NA,"2023135DMEPR_blik_rep2_TMEB419_23",2,23,5,3,"test"," (Operator: lizbethpino, Time: )","TMEB-419","test",NA,NA,23.7,13,143,6,NA,NA,19.3,NA,14.2,NA,NA,4.5741,NA
2023,"2023135DMEPR_blik","2023135DMEPR_blik","2023-May-19","2024-March-20","Bolikham district, Bolikhamxay province",NA,"2023135DMEPR_blik_rep3_CM9912-167_40",3,40,8,1,"test"," (Operator: lizbethpino, Time: )","CM9912-167","test",NA,NA,23.7,13,216,6,NA,NA,22.7,NA,14.2,NA,NA,5.3799,NA
2023,"2023135DMEPR_blik","2023135DMEPR_blik","2023-May-19","2024-March-20","Bolikham district, Bolikhamxay province",NA,"2023135DMEPR_blik_rep3_GM1263-6_44",3,44,9,4,"test"," (Operator: lizbethpino, Time: )","GM1263-6","test",NA,NA,8.3,13,149,5,NA,NA,19.4,NA,5,NA,NA,1.6102,NA
2023,"2023135DMEPR_blik","2023135DMEPR_blik","2023-May-19","2024-March-20","Bolikham district, Bolikhamxay province","IBA057","2023135DMEPR_blik_rep3_IBA920057_36",3,36,8,5,"test"," (Operator: lizbethpino, Time: )","IBA-920057","test",NA,NA,8.3,13,150,6,NA,NA,12.4,NA,5,NA,NA,1.0292,NA
2023,"2023135DMEPR_blik","2023135DMEPR_blik","2023-May-19","2024-March-20","Bolikham district, Bolikhamxay province",NA,"2023135DMEPR_blik_rep3_IBA972205_34",3,34,7,4,"test"," (Operator: lizbethpino, Time: )","IBA-972205","test",NA,NA,3,13,117,5,NA,NA,13.3,NA,1.8,NA,NA,0.399,NA
2023,"2023135DMEPR_blik","2023135DMEPR_blik","2023-May-19","2024-March-20","Bolikham district, Bolikhamxay province","98/0581,980581,Dixon,I980581,IBA980581,IITA-IBA980581,IITA-TMS-980581,TMS 98/0581,TMS-I980581","2023135DMEPR_blik_rep3_IBA980581_41",3,41,9,1,"test"," (Operator: lizbethpino, Time: )","IBA-980581","test",NA,NA,11.3,13,134,6,NA,NA,17,NA,6.8,NA,NA,1.921,NA
2023,"2023135DMEPR_blik","2023135DMEPR_blik","2023-May-19","2024-March-20","Bolikham district, Bolikhamxay province",NA,"2023135DMEPR_blik_rep3_KU50-15_39",3,39,8,2,"test"," (Operator: lizbethpino, Time: )","KU50_is_KM94","test",NA,NA,26,13,148,6,NA,NA,27.3,NA,15.6,NA,NA,7.098,NA
2023,"2023135DMEPR_blik","2023135DMEPR_blik","2023-May-19","2024-March-20","Bolikham district, Bolikhamxay province",NA,"2023135DMEPR_blik_rep3_KU50_38",3,38,8,3,"check"," (Operator: lizbethpino, Time: )","KU50_is_KM94","check_released",NA,NA,20.8,13,149,6,NA,NA,22,NA,12.5,NA,NA,4.576,NA
2023,"2023135DMEPR_blik","2023135DMEPR_blik","2023-May-19","2024-March-20","Bolikham district, Bolikhamxay province",NA,"2023135DMEPR_blik_rep3_KU50-H4_45",3,45,9,5,"test"," (Operator: lizbethpino, Time: )","KU50_is_KM94","test",NA,NA,25.7,13,204,6,NA,NA,25.1,NA,15.4,NA,NA,6.4507,NA
2023,"2023135DMEPR_blik","2023135DMEPR_blik","2023-May-19","2024-March-20","Bolikham district, Bolikhamxay province",NA,"2023135DMEPR_blik_rep3_Rayong11_33",3,33,7,3,"check"," (Operator: lizbethpino, Time: )","Rayong11","test",NA,NA,23.3,13,218,6,NA,NA,26.5,NA,14,NA,NA,6.1745,NA
2023,"2023135DMEPR_blik","2023135DMEPR_blik","2023-May-19","2024-March-20","Bolikham district, Bolikhamxay province","R72","2023135DMEPR_blik_rep3_Rayong72_37",3,37,8,4,"check"," (Operator: lizbethpino, Time: )","Rayong72","test",NA,NA,20,13,149,6,NA,NA,25.4,NA,12,NA,NA,5.08,NA
2023,"2023135DMEPR_blik","2023135DMEPR_blik","2023-May-19","2024-March-20","Bolikham district, Bolikhamxay province",NA,"2023135DMEPR_blik_rep3_SM1127-8_35",3,35,7,5,"test"," (Operator: lizbethpino, Time: )","SM1127-8_is_Cubana","check_released",NA,NA,10.3,13,285,6,NA,NA,18.3,NA,6.2,NA,NA,1.8849,NA
2023,"2023135DMEPR_blik","2023135DMEPR_blik","2023-May-19","2024-March-20","Bolikham district, Bolikhamxay province",NA,"2023135DMEPR_blik_rep3_SM1669-5_31",3,31,7,1,"test"," (Operator: lizbethpino, Time: )","SM1669-5","test",NA,NA,18.3,13,149,6,NA,NA,21.3,NA,11,NA,NA,3.8979,NA
2023,"2023135DMEPR_blik","2023135DMEPR_blik","2023-May-19","2024-March-20","Bolikham district, Bolikhamxay province",NA,"2023135DMEPR_blik_rep3_SM2775-2_43",3,43,9,3,"test"," (Operator: lizbethpino, Time: )","SM2775-2","test",NA,NA,16.7,13,149,6,NA,NA,17.5,NA,10,NA,NA,2.9225,NA
2023,"2023135DMEPR_blik","2023135DMEPR_blik","2023-May-19","2024-March-20","Bolikham district, Bolikhamxay province",NA,"2023135DMEPR_blik_rep3_SM2775-4_32",3,32,7,2,"test"," (Operator: lizbethpino, Time: )","SM2775-4_is_Bellotti","check_released",NA,NA,10,13,143,6,NA,NA,16,NA,6,NA,NA,1.6,NA
2023,"2023135DMEPR_blik","2023135DMEPR_blik","2023-May-19","2024-March-20","Bolikham district, Bolikhamxay province",NA,"2023135DMEPR_blik_rep3_TMEB419_42",3,42,9,2,"test"," (Operator: lizbethpino, Time: )","TMEB-419","test",NA,NA,21.7,13,189,6,NA,NA,25.1,NA,13,NA,NA,5.4467,NA
2022,"2022126DMAYT_cham","2022126DMAYT_cham","2022-July-06","2023-May-03","Chamkar Leu district","","2022126DMAYT_cham_rep1_TMEB419_1",1,1,1,1,"test"," (Operator: lizbethpino, Time: )","TMEB-419","test",0,48,25.75,30,130.1,2,8,30,20.19417476,NA,NA,NA,100,5.2000000007,0
2022,"2022126DMAYT_cham","2022126DMAYT_cham","2022-July-06","2023-May-03","Chamkar Leu district","IBA057","2022126DMAYT_cham_rep1_IBA920057_2",1,2,2,1,"test"," (Operator: lizbethpino, Time: )","IBA-920057","test",0,91.5,22.27272727,30,132,11,7.5,30,18.2,NA,NA,NA,100,4.05363636314,0
2022,"2022126DMAYT_cham","2022126DMAYT_cham","2022-July-06","2023-May-03","Chamkar Leu district","","2022126DMAYT_cham_rep1_IBA972205_3",1,3,3,1,"test"," (Operator: lizbethpino, Time: )","IBA-972205","test",0,40.1,3.666666667,30,106.4,6,2.75,30,7.25,NA,NA,NA,100,0.2658333333575,0
2022,"2022126DMAYT_cham","2022126DMAYT_cham","2022-July-06","2023-May-03","Chamkar Leu district","","2022126DMAYT_cham_rep2_IBA980505_4",2,4,4,1,"test"," (Operator: lizbethpino, Time: )","IBA-980505","test",0,46.4,19.09090909,30,123.5,11,12.25,27,18.2,NA,NA,NA,90,3.47454545438,0
2022,"2022126DMAYT_cham","2022126DMAYT_cham","2022-July-06","2023-May-03","Chamkar Leu district","98/0581,980581,Dixon,I980581,IBA980581,IITA-IBA980581,IITA-TMS-980581,TMS 98/0581,TMS-I980581","2022126DMAYT_cham_rep2_IBA980581_5",2,5,5,1,"test"," (Operator: lizbethpino, Time: )","IBA-980581","test",0,57.2,24.16666667,30,122.7,12,11.25,29,20.8,NA,NA,NA,96.6666666666667,5.02666666736,0
2022,"2022126DMAYT_cham","2022126DMAYT_cham","2022-July-06","2023-May-03","Chamkar Leu district","","2022126DMAYT_cham_rep2_KU50_6",2,6,6,1,"test"," (Operator: lizbethpino, Time: )","KU50_is_KM94","check_released",0,111.7,21.1,30,111.7,10,6,29,16.22037915,NA,NA,NA,96.6666666666667,3.42250000065,0
2022,"2022126DMAYT_cham","2022126DMAYT_cham","2022-July-06","2023-May-03","Chamkar Leu district","98/0581,980581,Dixon,I980581,IBA980581,IITA-IBA980581,IITA-TMS-980581,TMS 98/0581,TMS-I980581","2022126DMAYT_cham_rep1_IBA980581_7",1,7,1,2,"test"," (Operator: lizbethpino, Time: )","IBA-980581","test",0,72.8,20.625,30,133.2,8,9.5,28,20.8,NA,NA,NA,93.3333333333333,4.29,0
2022,"2022126DMAYT_cham","2022126DMAYT_cham","2022-July-06","2023-May-03","Chamkar Leu district","","2022126DMAYT_cham_rep1_KU50_8",1,8,2,2,"test"," (Operator: lizbethpino, Time: )","KU50_is_KM94","check_released",0,121.7,24.44444444,30,121.7,9,8,29,24.8,NA,NA,NA,96.6666666666667,6.06222222112,0
2022,"2022126DMAYT_cham","2022126DMAYT_cham","2022-July-06","2023-May-03","Chamkar Leu district","","2022126DMAYT_cham_rep1_IBA980505_9",1,9,3,2,"test"," (Operator: lizbethpino, Time: )","IBA-980505","test",0,38,16.63636364,30,129.7,11,8,29,20.8,NA,NA,NA,96.6666666666667,3.46036363712,0
2022,"2022126DMAYT_cham","2022126DMAYT_cham","2022-July-06","2023-May-03","Chamkar Leu district","","2022126DMAYT_cham_rep2_IBA972205_10",2,10,4,2,"test"," (Operator: lizbethpino, Time: )","IBA-972205","test",0,44.2,18.63636364,30,125.4,11,5,30,17.16341463,NA,NA,NA,100,3.19863636348776,0
2022,"2022126DMAYT_cham","2022126DMAYT_cham","2022-July-06","2023-May-03","Chamkar Leu district","","2022126DMAYT_cham_rep2_TMEB419_11",2,11,5,2,"test"," (Operator: lizbethpino, Time: )","TMEB-419","test",0,96.7,26.625,30,122.7,8,7,28,23.07042254,NA,NA,NA,93.3333333333333,6.142500001275,0
2022,"2022126DMAYT_cham","2022126DMAYT_cham","2022-July-06","2023-May-03","Chamkar Leu district","IBA057","2022126DMAYT_cham_rep2_IBA920057_12",2,12,6,2,"test"," (Operator: lizbethpino, Time: )","IBA-920057","test",0,61.3,19.16666667,30,111.8,12,8,30,19.5,NA,NA,NA,100,3.73750000065,0
2022,"2022126DMAYT_cham","2022126DMAYT_cham","2022-July-06","2023-May-03","Chamkar Leu district","","2022126DMAYT_cham_rep3_IBA972205_13",3,13,1,3,"test"," (Operator: lizbethpino, Time: )","IBA-972205","test",0,50.8,13,30,113.9,5,3.75,30,10.9,NA,NA,NA,100,1.417,0
2022,"2022126DMAYT_cham","2022126DMAYT_cham","2022-July-06","2023-May-03","Chamkar Leu district","","2022126DMAYT_cham_rep3_TMEB419_14",3,14,2,3,"test"," (Operator: lizbethpino, Time: )","TMEB-419","test",0,16.9,29.125,30,114.9,8,6.75,28,10.6639485,NA,NA,NA,93.3333333333333,3.105875000625,0
2022,"2022126DMAYT_cham","2022126DMAYT_cham","2022-July-06","2023-May-03","Chamkar Leu district","IBA057","2022126DMAYT_cham_rep3_IBA920057_15",3,15,3,3,"test"," (Operator: lizbethpino, Time: )","IBA-920057","test",0,67.7,18.08333333,30,127,12,8.25,29,19.3202765,NA,NA,NA,96.6666666666667,3.49374999977266,0
2022,"2022126DMAYT_cham","2022126DMAYT_cham","2022-July-06","2023-May-03","Chamkar Leu district","98/0581,980581,Dixon,I980581,IBA980581,IITA-IBA980581,IITA-TMS-980581,TMS 98/0581,TMS-I980581","2022126DMAYT_cham_rep4_IBA980581_16",4,16,4,3,"test"," (Operator: lizbethpino, Time: )","IBA-980581","test",0,65,19.5,30,139,10,10,28,20.8,NA,NA,NA,93.3333333333333,4.056,0
2022,"2022126DMAYT_cham","2022126DMAYT_cham","2022-July-06","2023-May-03","Chamkar Leu district","","2022126DMAYT_cham_rep4_KU50_17",4,17,5,3,"test"," (Operator: lizbethpino, Time: )","KU50_is_KM94","check_released",3,128.4,23.88888889,30,128.4,9,6.75,29,22.64186047,NA,NA,NA,96.6666666666667,5.40888889030713,10.3448275862069
2022,"2022126DMAYT_cham","2022126DMAYT_cham","2022-July-06","2023-May-03","Chamkar Leu district","","2022126DMAYT_cham_rep4_IBA980505_18",4,18,6,3,"test"," (Operator: lizbethpino, Time: )","IBA-980505","test",0,40.7,33.125,30,116.7,8,9.5,24,19.5,NA,NA,NA,80,6.459375,0
2022,"2022126DMAYT_cham","2022126DMAYT_cham","2022-July-06","2023-May-03","Chamkar Leu district","","2022126DMAYT_cham_rep3_IBA980505_19",3,19,1,4,"test"," (Operator: lizbethpino, Time: )","IBA-980505","test",0,42.3,28.5,30,128,10,9,26,18.2,NA,NA,NA,86.6666666666667,5.187,0
2022,"2022126DMAYT_cham","2022126DMAYT_cham","2022-July-06","2023-May-03","Chamkar Leu district","98/0581,980581,Dixon,I980581,IBA980581,IITA-IBA980581,IITA-TMS-980581,TMS 98/0581,TMS-I980581","2022126DMAYT_cham_rep3_IBA980581_20",3,20,2,4,"test"," (Operator: lizbethpino, Time: )","IBA-980581","test",0,52.5,23.75,30,119.1,12,10,27,20.8,NA,NA,NA,90,4.94,0
2022,"2022126DMAYT_cham","2022126DMAYT_cham","2022-July-06","2023-May-03","Chamkar Leu district","","2022126DMAYT_cham_rep3_KU50_21",3,21,3,4,"test"," (Operator: lizbethpino, Time: )","KU50_is_KM94","check_released",1,119.1,38.5,30,119.1,12,9.25,30,21.10930736,NA,NA,NA,100,8.1270833336,3.33333333333333
2022,"2022126DMAYT_cham","2022126DMAYT_cham","2022-July-06","2023-May-03","Chamkar Leu district","","2022126DMAYT_cham_rep4_TMEB419_22",4,22,4,4,"test"," (Operator: lizbethpino, Time: )","TMEB-419","test",0,102.7,27,30,121.9,11,10.25,30,23.7979798,NA,NA,NA,100,6.425454546,0
2022,"2022126DMAYT_cham","2022126DMAYT_cham","2022-July-06","2023-May-03","Chamkar Leu district","IBA057","2022126DMAYT_cham_rep4_IBA920057_23",4,23,5,4,"test"," (Operator: lizbethpino, Time: )","IBA-920057","test",0,60.5,15.41666667,30,129.2,12,8.75,28,18.2,NA,NA,NA,93.3333333333333,2.80583333394,0
2022,"2022126DMAYT_cham","2022126DMAYT_cham","2022-July-06","2023-May-03","Chamkar Leu district","","2022126DMAYT_cham_rep4_IBA972205_24",4,24,6,4,"test"," (Operator: lizbethpino, Time: )","IBA-972205","test",0,46.2,7.142857143,30,110.3,7,4.25,29,8.82,NA,NA,NA,96.6666666666667,0.6300000000126,0
2022,"2022134DMEPR_that","2022134DMEPR_that","2023-December-17","2023-October-29","Thateng district, Sekong province","","2022134DMEPR_that_rep1_SM1127-8_1",1,1,1,1,"test"," (Operator: lizbethpino, Time: )","SM1127-8_is_Cubana","check_released",NA,214,19,14,NA,6,48,NA,27.14654003,NA,NA,0,NA,5.1578426057,NA
2022,"2022134DMEPR_that","2022134DMEPR_that","2023-December-17","2023-October-29","Thateng district, Sekong province","98/0581,980581,Dixon,I980581,IBA980581,IITA-IBA980581,IITA-TMS-980581,TMS 98/0581,TMS-I980581","2022134DMEPR_that_rep1_IBA980581_2",1,2,1,2,"test"," (Operator: lizbethpino, Time: )","IBA-980581","test",NA,172.5,16.3,14,NA,6,51,NA,18.77597504,NA,NA,0,NA,3.06048393152,NA
2022,"2022134DMEPR_that","2022134DMEPR_that","2023-December-17","2023-October-29","Thateng district, Sekong province","","2022134DMEPR_that_rep1_GM1263-6_3",1,3,1,3,"test"," (Operator: lizbethpino, Time: )","GM1263-6","test",NA,178,28.3,14,NA,6,49,NA,31.9993921,NA,NA,0,NA,9.0558279643,NA
2022,"2022134DMEPR_that","2022134DMEPR_that","2023-December-17","2023-October-29","Thateng district, Sekong province","","2022134DMEPR_that_rep1_SM2775-4_4",1,4,1,4,"test"," (Operator: lizbethpino, Time: )","SM2775-4_is_Bellotti","check_released",NA,150,23.7,14,NA,6,53,NA,36.79071348,NA,NA,0,NA,8.71939909476,NA
2022,"2022134DMEPR_that","2022134DMEPR_that","2023-December-17","2023-October-29","Thateng district, Sekong province","","2022134DMEPR_that_rep1_SM2775-2_5",1,5,1,5,"test"," (Operator: lizbethpino, Time: )","SM2775-2","test",NA,118,38.3,14,NA,6,56,NA,27.67688985,NA,NA,0,NA,10.60024881255,NA
2022,"2022134DMEPR_that","2022134DMEPR_that","2023-December-17","2023-October-29","Thateng district, Sekong province","","2022134DMEPR_that_rep1_Rayong11_6",1,6,1,6,"check"," (Operator: lizbethpino, Time: )","Rayong11","test",NA,116.5,23.3,14,NA,4,37,NA,31.85769231,NA,NA,0,NA,7.42284230823,NA
2022,"2022134DMEPR_that","2022134DMEPR_that","2023-December-17","2023-October-29","Thateng district, Sekong province","","2022134DMEPR_that_rep1_CM9912-167_7",1,7,1,7,"test"," (Operator: lizbethpino, Time: )","CM9912-167","test",NA,248.5,21,14,NA,6,69,NA,29.85210526,NA,NA,0,NA,6.2689421046,NA
2022,"2022134DMEPR_that","2022134DMEPR_that","2023-December-17","2023-October-29","Thateng district, Sekong province","","2022134DMEPR_that_rep1_SM1669-5_8",1,8,2,7,"test"," (Operator: lizbethpino, Time: )","SM1669-5","test",NA,205,28,14,NA,6,69,NA,29.03105981,NA,NA,2,NA,8.1286967468,NA
2022,"2022134DMEPR_that","2022134DMEPR_that","2023-December-17","2023-October-29","Thateng district, Sekong province","","2022134DMEPR_that_rep1_TMEB419_9",1,9,2,6,"test"," (Operator: lizbethpino, Time: )","TMEB-419","test",NA,252.5,38.3,14,NA,6,67,NA,28.34525386,NA,NA,0,NA,10.85623222838,NA
2022,"2022134DMEPR_that","2022134DMEPR_that","2023-December-17","2023-October-29","Thateng district, Sekong province","","2022134DMEPR_that_rep1_IBA972205_10",1,10,2,5,"test"," (Operator: lizbethpino, Time: )","IBA-972205","test",NA,47.5,18,14,NA,5,48,NA,28.20082902,NA,NA,0,NA,5.0761492236,NA
2022,"2022134DMEPR_that","2022134DMEPR_that","2023-December-17","2023-October-29","Thateng district, Sekong province","","2022134DMEPR_that_rep1_KU50_11",1,11,2,4,"check"," (Operator: lizbethpino, Time: )","KU50_is_KM94","check_released",NA,196,36.3,14,NA,6,55,NA,32.90745402,NA,NA,0,NA,11.94540580926,NA
2022,"2022134DMEPR_that","2022134DMEPR_that","2023-December-17","2023-October-29","Thateng district, Sekong province","","2022134DMEPR_that_rep1_IBA980505_12",1,12,2,3,"test"," (Operator: lizbethpino, Time: )","IBA-980505","test",NA,42,9.3,14,NA,6,31,NA,15.97125193,NA,NA,0,NA,1.48532642949,NA
2022,"2022134DMEPR_that","2022134DMEPR_that","2023-December-17","2023-October-29","Thateng district, Sekong province","IBA057","2022134DMEPR_that_rep1_IBA920057_13",1,13,2,2,"test"," (Operator: lizbethpino, Time: )","IBA-920057","test",NA,185,14.7,14,NA,4,22,NA,20.40708955,NA,NA,0,NA,2.99984216385,NA
2022,"2022134DMEPR_that","2022134DMEPR_that","2023-December-17","2023-October-29","Thateng district, Sekong province","R72","2022134DMEPR_that_rep1_Rayong72_14",1,14,2,1,"check"," (Operator: lizbethpino, Time: )","Rayong72","test",NA,176,40,14,NA,6,61,NA,32.80689655,NA,NA,0,NA,13.12275862,NA
2022,"2022134DMEPR_that","2022134DMEPR_that","2023-December-17","2023-October-29","Thateng district, Sekong province","","2022134DMEPR_that_rep2_IBA980505_15",2,15,3,1,"test"," (Operator: lizbethpino, Time: )","IBA-980505","test",NA,42,12,14,NA,6,38,NA,14.78272251,NA,NA,0,NA,1.7739267012,NA
2022,"2022134DMEPR_that","2022134DMEPR_that","2023-December-17","2023-October-29","Thateng district, Sekong province","98/0581,980581,Dixon,I980581,IBA980581,IITA-IBA980581,IITA-TMS-980581,TMS 98/0581,TMS-I980581","2022134DMEPR_that_rep2_IBA980581_16",2,16,3,2,"test"," (Operator: lizbethpino, Time: )","IBA-980581","test",NA,178.5,12.3,14,NA,6,54,NA,19.12590529,NA,NA,0,NA,2.35248635067,NA
2022,"2022134DMEPR_that","2022134DMEPR_that","2023-December-17","2023-October-29","Thateng district, Sekong province","","2022134DMEPR_that_rep2_SM2775-2_17",2,17,3,3,"test"," (Operator: lizbethpino, Time: )","SM2775-2","test",NA,111.5,25,14,NA,5,50,NA,27.2649494,NA,NA,0,NA,6.81623735,NA
2022,"2022134DMEPR_that","2022134DMEPR_that","2023-December-17","2023-October-29","Thateng district, Sekong province","IBA057","2022134DMEPR_that_rep2_IBA920057_18",2,18,3,4,"test"," (Operator: lizbethpino, Time: )","IBA-920057","test",NA,164.5,4.3,14,NA,6,10,NA,17.70642202,NA,NA,0,NA,0.76137614686,NA
2022,"2022134DMEPR_that","2022134DMEPR_that","2023-December-17","2023-October-29","Thateng district, Sekong province","","2022134DMEPR_that_rep2_SM1669-5_19",2,19,3,5,"test"," (Operator: lizbethpino, Time: )","SM1669-5","test",NA,250.5,21.7,14,NA,6,72,NA,28.40680571,NA,NA,0,NA,6.16427683907,NA
2022,"2022134DMEPR_that","2022134DMEPR_that","2023-December-17","2023-October-29","Thateng district, Sekong province","","2022134DMEPR_that_rep2_GM1263-6_20",2,20,3,6,"test"," (Operator: lizbethpino, Time: )","GM1263-6","test",NA,182.5,20.3,14,NA,6,43,NA,26.74298441,NA,NA,4,NA,5.42882583523,NA
2022,"2022134DMEPR_that","2022134DMEPR_that","2023-December-17","2023-October-29","Thateng district, Sekong province","","2022134DMEPR_that_rep2_IBA972205_21",2,21,3,7,"test"," (Operator: lizbethpino, Time: )","IBA-972205","test",NA,58.5,13.3,14,NA,6,40,NA,21.78732171,NA,NA,0,NA,2.89771378743,NA
2022,"2022134DMEPR_that","2022134DMEPR_that","2023-December-17","2023-October-29","Thateng district, Sekong province","","2022134DMEPR_that_rep2_SM1127-8_22",2,22,4,7,"test"," (Operator: lizbethpino, Time: )","SM1127-8_is_Cubana","check_released",NA,192,21.7,14,NA,6,51,NA,27.31081081,NA,NA,4,NA,5.92644594577,NA
2022,"2022134DMEPR_that","2022134DMEPR_that","2023-December-17","2023-October-29","Thateng district, Sekong province","","2022134DMEPR_that_rep2_Rayong11_23",2,23,4,6,"check"," (Operator: lizbethpino, Time: )","Rayong11","test",NA,136,20.3,14,NA,6,45,NA,34.16076294,NA,NA,3,NA,6.93463487682,NA
2022,"2022134DMEPR_that","2022134DMEPR_that","2023-December-17","2023-October-29","Thateng district, Sekong province","","2022134DMEPR_that_rep2_CM9912-167_24",2,24,4,5,"test"," (Operator: lizbethpino, Time: )","CM9912-167","test",NA,232,30.7,14,NA,6,64,NA,31.88670757,NA,NA,4,NA,9.78921922399,NA
2022,"2022134DMEPR_that","2022134DMEPR_that","2023-December-17","2023-October-29","Thateng district, Sekong province","R72","2022134DMEPR_that_rep2_Rayong72_25",2,25,4,4,"check"," (Operator: lizbethpino, Time: )","Rayong72","test",NA,147.5,26.7,14,NA,6,47,NA,31.88532478,NA,NA,0,NA,8.51338171626,NA
2022,"2022134DMEPR_that","2022134DMEPR_that","2023-December-17","2023-October-29","Thateng district, Sekong province","","2022134DMEPR_that_rep2_KU50_26",2,26,4,3,"check"," (Operator: lizbethpino, Time: )","KU50_is_KM94","check_released",NA,185,36.3,14,NA,6,45,NA,33.38168193,NA,NA,1,NA,12.11755054059,NA
2022,"2022134DMEPR_that","2022134DMEPR_that","2023-December-17","2023-October-29","Thateng district, Sekong province","","2022134DMEPR_that_rep2_SM2775-4_27",2,27,4,2,"test"," (Operator: lizbethpino, Time: )","SM2775-4_is_Bellotti","check_released",NA,116,30,14,NA,6,57,NA,30.53522907,NA,NA,0,NA,9.160568721,NA
2022,"2022134DMEPR_that","2022134DMEPR_that","2023-December-17","2023-October-29","Thateng district, Sekong province","","2022134DMEPR_that_rep2_TMEB419_28",2,28,4,1,"test"," (Operator: lizbethpino, Time: )","TMEB-419","test",NA,228,39.333,14,NA,5,59,NA,28.82360248,NA,NA,0,NA,11.3371875634584,NA
2022,"2022134DMEPR_that","2022134DMEPR_that","2023-December-17","2023-October-29","Thateng district, Sekong province","","2022134DMEPR_that_rep3_GM1263-6_29",3,29,5,1,"test"," (Operator: lizbethpino, Time: )","GM1263-6","test",NA,168,21.33,14,NA,6,43,NA,31.37327044,NA,NA,0,NA,6.691918584852,NA
2022,"2022134DMEPR_that","2022134DMEPR_that","2023-December-17","2023-October-29","Thateng district, Sekong province","","2022134DMEPR_that_rep3_SM1127-8_30",3,30,5,2,"test"," (Operator: lizbethpino, Time: )","SM1127-8_is_Cubana","check_released",NA,181,24.7,14,NA,6,53,NA,32.80943026,NA,NA,0,NA,8.10392927422,NA
2022,"2022134DMEPR_that","2022134DMEPR_that","2023-December-17","2023-October-29","Thateng district, Sekong province","98/0581,980581,Dixon,I980581,IBA980581,IITA-IBA980581,IITA-TMS-980581,TMS 98/0581,TMS-I980581","2022134DMEPR_that_rep3_IBA980581_31",3,31,5,3,"test"," (Operator: lizbethpino, Time: )","IBA-980581","test",NA,170,12.7,14,NA,6,48,NA,17.32438563,NA,NA,0,NA,2.20019697501,NA
2022,"2022134DMEPR_that","2022134DMEPR_that","2023-December-17","2023-October-29","Thateng district, Sekong province","","2022134DMEPR_that_rep3_Rayong11_32",3,32,5,4,"check"," (Operator: lizbethpino, Time: )","Rayong11","test",NA,190,21.3,14,NA,6,53,NA,32.53333333,NA,NA,0,NA,6.92959999929,NA
2022,"2022134DMEPR_that","2022134DMEPR_that","2023-December-17","2023-October-29","Thateng district, Sekong province","","2022134DMEPR_that_rep3_TMEB419_33",3,33,5,5,"test"," (Operator: lizbethpino, Time: )","TMEB-419","test",NA,176.5,16.667,14,NA,3,21,NA,29.43217877,NA,NA,0,NA,4.9054612355959,NA
2022,"2022134DMEPR_that","2022134DMEPR_that","2023-December-17","2023-October-29","Thateng district, Sekong province","","2022134DMEPR_that_rep3_KU50_34",3,34,5,6,"check"," (Operator: lizbethpino, Time: )","KU50_is_KM94","check_released",NA,178.5,21,14,NA,5,36,NA,33.92693111,NA,NA,2,NA,7.1246555331,NA
2022,"2022134DMEPR_that","2022134DMEPR_that","2023-December-17","2023-October-29","Thateng district, Sekong province","","2022134DMEPR_that_rep3_IBA980505_35",3,35,5,7,"test"," (Operator: lizbethpino, Time: )","IBA-980505","test",NA,45,14.3,14,NA,5,34,NA,23.46968085,NA,NA,2,NA,3.35616436155,NA
2022,"2022134DMEPR_that","2022134DMEPR_that","2023-December-17","2023-October-29","Thateng district, Sekong province","","2022134DMEPR_that_rep3_SM2775-4_36",3,36,6,7,"test"," (Operator: lizbethpino, Time: )","SM2775-4_is_Bellotti","check_released",NA,140,26,14,NA,5,54,NA,33.28502326,NA,NA,0,NA,8.6541060476,NA
2022,"2022134DMEPR_that","2022134DMEPR_that","2023-December-17","2023-October-29","Thateng district, Sekong province","IBA057","2022134DMEPR_that_rep3_IBA920057_37",3,37,6,6,"test"," (Operator: lizbethpino, Time: )","IBA-920057","test",NA,152.5,14,14,NA,5,28,NA,22.28611111,NA,NA,0,NA,3.1200555554,NA
2022,"2022134DMEPR_that","2022134DMEPR_that","2023-December-17","2023-October-29","Thateng district, Sekong province","","2022134DMEPR_that_rep3_CM9912-167_38",3,38,6,5,"test"," (Operator: lizbethpino, Time: )","CM9912-167","test",NA,240.5,31,14,NA,6,85,NA,33.12881356,NA,NA,0,NA,10.2699322036,NA
2022,"2022134DMEPR_that","2022134DMEPR_that","2023-December-17","2023-October-29","Thateng district, Sekong province","","2022134DMEPR_that_rep3_IBA972205_39",3,39,6,4,"test"," (Operator: lizbethpino, Time: )","IBA-972205","test",NA,59.5,17.7,14,NA,5,36,NA,21.92857143,NA,NA,0,NA,3.88135714311,NA
2022,"2022134DMEPR_that","2022134DMEPR_that","2023-December-17","2023-October-29","Thateng district, Sekong province","","2022134DMEPR_that_rep3_SM1669-5_40",3,40,6,3,"test"," (Operator: lizbethpino, Time: )","SM1669-5","test",NA,234,34.3,14,NA,6,87,NA,29.14698795,NA,NA,0,NA,9.99741686685,NA
2022,"2022134DMEPR_that","2022134DMEPR_that","2023-December-17","2023-October-29","Thateng district, Sekong province","R72","2022134DMEPR_that_rep3_Rayong72_41",3,41,6,2,"check"," (Operator: lizbethpino, Time: )","Rayong72","test",NA,169.5,32.7,14,NA,6,58,NA,31.35185841,NA,NA,0,NA,10.25205770007,NA
2022,"2022134DMEPR_that","2022134DMEPR_that","2023-December-17","2023-October-29","Thateng district, Sekong province","","2022134DMEPR_that_rep3_SM2775-2_42",3,42,6,1,"test"," (Operator: lizbethpino, Time: )","SM2775-2","test",NA,133.5,36,14,NA,6,74,NA,30.60373057,NA,NA,0,NA,11.0173430052,NA
2022,"2022133DMEPR_laog","2022133DMEPR_laog","2022-December-18","2023-October-21","Lao Ngam","98/0581,980581,Dixon,I980581,IBA980581,IITA-IBA980581,IITA-TMS-980581,TMS 98/0581,TMS-I980581","2022133DMEPR_laog_rep1_IBA980581_1",1,1,1,1,"test"," (Operator: lizbethpino, Time: )","IBA-980581","test",NA,174.5,20.3,14,435,6,57,NA,25.13684211,NA,NA,0,NA,5.10277894833,NA
2022,"2022133DMEPR_laog","2022133DMEPR_laog","2022-December-18","2023-October-21","Lao Ngam","","2022133DMEPR_laog_rep1_SM1127-8_2",1,2,1,2,"test"," (Operator: lizbethpino, Time: )","SM1127-8_is_Cubana","check_released",NA,193.5,25.3,14,440,6,75,NA,31.7470009,NA,NA,0,NA,8.0319912277,NA
2022,"2022133DMEPR_laog","2022133DMEPR_laog","2022-December-18","2023-October-21","Lao Ngam","","2022133DMEPR_laog_rep1_CM9912-167_3",1,3,1,3,"test"," (Operator: lizbethpino, Time: )","CM9912-167","test",NA,232.5,36.7,14,336,6,75,NA,27.17250946,NA,NA,0,NA,9.97231097182,NA
2022,"2022133DMEPR_laog","2022133DMEPR_laog","2022-December-18","2023-October-21","Lao Ngam","","2022133DMEPR_laog_rep1_Rayong11_4",1,4,1,4,"check"," (Operator: lizbethpino, Time: )","Rayong11","test",NA,235,33.7,14,327.5,6,68,NA,32.72592013,NA,NA,0,NA,11.02863508381,NA
2022,"2022133DMEPR_laog","2022133DMEPR_laog","2022-December-18","2023-October-21","Lao Ngam","","2022133DMEPR_laog_rep1_IBA972205_5",1,5,1,5,"test"," (Operator: lizbethpino, Time: )","IBA-972205","test",NA,83.5,20,14,352.5,6,54,NA,26.43103803,NA,NA,0,NA,5.286207606,NA
2022,"2022133DMEPR_laog","2022133DMEPR_laog","2022-December-18","2023-October-21","Lao Ngam","","2022133DMEPR_laog_rep1_SM2775-4_6",1,6,1,6,"test"," (Operator: lizbethpino, Time: )","SM2775-4_is_Bellotti","check_released",NA,148,14.7,14,330,6,45,NA,30.51592633,NA,NA,0,NA,4.48584117051,NA
2022,"2022133DMEPR_laog","2022133DMEPR_laog","2022-December-18","2023-October-21","Lao Ngam","","2022133DMEPR_laog_rep1_GM1263-6_7",1,7,1,7,"test"," (Operator: lizbethpino, Time: )","GM1263-6","test",NA,203.5,24,14,345,6,51,NA,28.49538462,NA,NA,3,NA,6.8388923088,NA
2022,"2022133DMEPR_laog","2022133DMEPR_laog","2022-December-18","2023-October-21","Lao Ngam","","2022133DMEPR_laog_rep1_SM2775-2_8",1,8,2,7,"test"," (Operator: lizbethpino, Time: )","SM2775-2","test",NA,131.5,39,14,324,6,90,NA,30.27050847,NA,NA,1,NA,11.8054983033,NA
2022,"2022133DMEPR_laog","2022133DMEPR_laog","2022-December-18","2023-October-21","Lao Ngam","","2022133DMEPR_laog_rep1_TMEB419_9",1,9,2,6,"test"," (Operator: lizbethpino, Time: )","TMEB-419","test",NA,214,33.3,14,328.5,6,66,NA,32.32003469,NA,NA,0,NA,10.76257155177,NA
2022,"2022133DMEPR_laog","2022133DMEPR_laog","2022-December-18","2023-October-21","Lao Ngam","","2022133DMEPR_laog_rep1_SM1669-5_10",1,10,2,5,"test"," (Operator: lizbethpino, Time: )","SM1669-5","test",NA,235.5,20,14,347.5,5,68,NA,34.69860835,NA,NA,1,NA,6.93972167,NA
2022,"2022133DMEPR_laog","2022133DMEPR_laog","2022-December-18","2023-October-21","Lao Ngam","","2022133DMEPR_laog_rep1_IBA980505_11",1,11,2,4,"test"," (Operator: lizbethpino, Time: )","IBA-980505","test",NA,60,16.7,14,322.5,4,53,NA,22.97598978,NA,NA,0,NA,3.83699029326,NA
2022,"2022133DMEPR_laog","2022133DMEPR_laog","2022-December-18","2023-October-21","Lao Ngam","","2022133DMEPR_laog_rep1_KU50_12",1,12,2,3,"check"," (Operator: lizbethpino, Time: )","KU50_is_KM94","check_released",NA,162.5,42,14,315,6,79,NA,37.06872727,NA,NA,0,NA,15.5688654534,NA
2022,"2022133DMEPR_laog","2022133DMEPR_laog","2022-December-18","2023-October-21","Lao Ngam","R72","2022133DMEPR_laog_rep1_Rayong72_13",1,13,2,2,"check"," (Operator: lizbethpino, Time: )","Rayong72","test",NA,173.5,43.3,14,362.5,6,83,NA,35.5548,NA,NA,0,NA,15.3952284,NA
2022,"2022133DMEPR_laog","2022133DMEPR_laog","2022-December-18","2023-October-21","Lao Ngam","IBA057","2022133DMEPR_laog_rep1_IBA920057_14",1,14,2,1,"test"," (Operator: lizbethpino, Time: )","IBA-920057","test",NA,150.5,24,14,302.5,6,37,NA,25.59762675,NA,NA,0,NA,6.14343042,NA
2022,"2022133DMEPR_laog","2022133DMEPR_laog","2022-December-18","2023-October-21","Lao Ngam","","2022133DMEPR_laog_rep2_SM2775-2_15",2,15,3,1,"test"," (Operator: lizbethpino, Time: )","SM2775-2","test",NA,131.5,33.7,14,340,6,72,NA,31.52952381,NA,NA,0,NA,10.62544952397,NA
2022,"2022133DMEPR_laog","2022133DMEPR_laog","2022-December-18","2023-October-21","Lao Ngam","98/0581,980581,Dixon,I980581,IBA980581,IITA-IBA980581,IITA-TMS-980581,TMS 98/0581,TMS-I980581","2022133DMEPR_laog_rep2_IBA980581_16",2,16,3,2,"test"," (Operator: lizbethpino, Time: )","IBA-980581","test",NA,106.5,14.7,14,390,3,33,NA,20.75272008,NA,NA,0,NA,3.05064985176,NA
2022,"2022133DMEPR_laog","2022133DMEPR_laog","2022-December-18","2023-October-21","Lao Ngam","","2022133DMEPR_laog_rep2_SM1669-5_17",2,17,3,3,"test"," (Operator: lizbethpino, Time: )","SM1669-5","test",NA,200,30,14,362.5,6,57,NA,33.13219697,NA,NA,2,NA,9.939659091,NA
2022,"2022133DMEPR_laog","2022133DMEPR_laog","2022-December-18","2023-October-21","Lao Ngam","","2022133DMEPR_laog_rep2_IBA980505_18",2,18,3,4,"test"," (Operator: lizbethpino, Time: )","IBA-980505","test",NA,45,21.3,14,397.5,6,57,NA,21.33256881,NA,NA,0,NA,4.54383715653,NA
2022,"2022133DMEPR_laog","2022133DMEPR_laog","2022-December-18","2023-October-21","Lao Ngam","","2022133DMEPR_laog_rep2_GM1263-6_19",2,19,3,5,"test"," (Operator: lizbethpino, Time: )","GM1263-6","test",NA,218,30.3,14,393,6,62,NA,36.39360223,NA,NA,0,NA,11.02726147569,NA
2022,"2022133DMEPR_laog","2022133DMEPR_laog","2022-December-18","2023-October-21","Lao Ngam","","2022133DMEPR_laog_rep2_IBA972205_20",2,20,3,6,"test"," (Operator: lizbethpino, Time: )","IBA-972205","test",NA,65,29.7,14,320,5,52,NA,27.67750678,NA,NA,0,NA,8.22021951366,NA
2022,"2022133DMEPR_laog","2022133DMEPR_laog","2022-December-18","2023-October-21","Lao Ngam","IBA057","2022133DMEPR_laog_rep2_IBA920057_21",2,21,3,7,"test"," (Operator: lizbethpino, Time: )","IBA-920057","test",NA,200.5,16.7,14,252.5,5,38,NA,26.49410289,NA,NA,0,NA,4.42451518263,NA
2022,"2022133DMEPR_laog","2022133DMEPR_laog","2022-December-18","2023-October-21","Lao Ngam","","2022133DMEPR_laog_rep2_Rayong11_22",2,22,4,7,"check"," (Operator: lizbethpino, Time: )","Rayong11","test",NA,192,28.3,14,357.5,6,73,NA,34.06086957,NA,NA,1,NA,9.63922608831,NA
2022,"2022133DMEPR_laog","2022133DMEPR_laog","2022-December-18","2023-October-21","Lao Ngam","","2022133DMEPR_laog_rep2_SM1127-8_23",2,23,4,6,"test"," (Operator: lizbethpino, Time: )","SM1127-8_is_Cubana","check_released",NA,250,23.7,14,290,6,80,NA,30.8676957,NA,NA,0,NA,7.3156438809,NA
2022,"2022133DMEPR_laog","2022133DMEPR_laog","2022-December-18","2023-October-21","Lao Ngam","","2022133DMEPR_laog_rep2_KU50_24",2,24,4,5,"check"," (Operator: lizbethpino, Time: )","KU50_is_KM94","check_released",NA,181.5,30.3,14,342.5,6,85,NA,33.44,NA,NA,0,NA,10.13232,NA
2022,"2022133DMEPR_laog","2022133DMEPR_laog","2022-December-18","2023-October-21","Lao Ngam","","2022133DMEPR_laog_rep2_CM9912-167_25",2,25,4,4,"test"," (Operator: lizbethpino, Time: )","CM9912-167","test",NA,180,39.7,14,295,6,93,NA,32.57404403,NA,NA,0,NA,12.93189547991,NA
2022,"2022133DMEPR_laog","2022133DMEPR_laog","2022-December-18","2023-October-21","Lao Ngam","R72","2022133DMEPR_laog_rep2_Rayong72_26",2,26,4,3,"check"," (Operator: lizbethpino, Time: )","Rayong72","test",NA,96,33,14,305,6,75,NA,32.82369146,NA,NA,0,NA,10.8318181818,NA
2022,"2022133DMEPR_laog","2022133DMEPR_laog","2022-December-18","2023-October-21","Lao Ngam","","2022133DMEPR_laog_rep2_TMEB419_27",2,27,4,2,"test"," (Operator: lizbethpino, Time: )","TMEB-419","test",NA,176,36.3,14,332.5,5,62,NA,28.46526316,NA,NA,0,NA,10.33289052708,NA
2022,"2022133DMEPR_laog","2022133DMEPR_laog","2022-December-18","2023-October-21","Lao Ngam","","2022133DMEPR_laog_rep2_SM2775-4_28",2,28,4,1,"test"," (Operator: lizbethpino, Time: )","SM2775-4_is_Bellotti","check_released",NA,88.5,30.7,14,310,5,61,NA,35.6005291,NA,NA,0,NA,10.9293624337,NA
2022,"2022133DMEPR_laog","2022133DMEPR_laog","2022-December-18","2023-October-21","Lao Ngam","","2022133DMEPR_laog_rep3_Rayong11_29",3,29,5,1,"check"," (Operator: lizbethpino, Time: )","Rayong11","test",NA,176,37,14,270,6,84,NA,31.25786579,NA,NA,0,NA,11.5654103423,NA
2022,"2022133DMEPR_laog","2022133DMEPR_laog","2022-December-18","2023-October-21","Lao Ngam","","2022133DMEPR_laog_rep3_GM1263-6_30",3,30,5,2,"test"," (Operator: lizbethpino, Time: )","GM1263-6","test",NA,225,38.3,14,352.5,6,65,NA,34.10646766,NA,NA,0,NA,13.06277711378,NA
2022,"2022133DMEPR_laog","2022133DMEPR_laog","2022-December-18","2023-October-21","Lao Ngam","","2022133DMEPR_laog_rep3_IBA980505_31",3,31,5,3,"test"," (Operator: lizbethpino, Time: )","IBA-980505","test",NA,31.5,25.3,14,365,5,61,NA,24.27252125,NA,NA,0,NA,6.14094787625,NA
2022,"2022133DMEPR_laog","2022133DMEPR_laog","2022-December-18","2023-October-21","Lao Ngam","","2022133DMEPR_laog_rep3_SM1127-8_32",3,32,5,4,"test"," (Operator: lizbethpino, Time: )","SM1127-8_is_Cubana","check_released",NA,164,26,14,287.5,6,84,NA,30.82494715,NA,NA,0,NA,8.014486259,NA
2022,"2022133DMEPR_laog","2022133DMEPR_laog","2022-December-18","2023-October-21","Lao Ngam","","2022133DMEPR_laog_rep3_KU50_33",3,33,5,5,"check"," (Operator: lizbethpino, Time: )","KU50_is_KM94","check_released",NA,194,41.7,14,250,6,76,NA,34.90080863,NA,NA,0,NA,14.55363719871,NA
2022,"2022133DMEPR_laog","2022133DMEPR_laog","2022-December-18","2023-October-21","Lao Ngam","","2022133DMEPR_laog_rep3_TMEB419_34",3,34,5,6,"test"," (Operator: lizbethpino, Time: )","TMEB-419","test",NA,180.5,39,14,240,6,60,NA,30.67196468,NA,NA,0,NA,11.9620662252,NA
2022,"2022133DMEPR_laog","2022133DMEPR_laog","2022-December-18","2023-October-21","Lao Ngam","98/0581,980581,Dixon,I980581,IBA980581,IITA-IBA980581,IITA-TMS-980581,TMS 98/0581,TMS-I980581","2022133DMEPR_laog_rep3_IBA980581_35",3,35,5,7,"test"," (Operator: lizbethpino, Time: )","IBA-980581","test",NA,145,26.3,14,217.5,5,54,NA,26.35107296,NA,NA,0,NA,6.93033218848,NA
2022,"2022133DMEPR_laog","2022133DMEPR_laog","2022-December-18","2023-October-21","Lao Ngam","IBA057","2022133DMEPR_laog_rep3_IBA920057_36",3,36,6,7,"test"," (Operator: lizbethpino, Time: )","IBA-920057","test",NA,163,26.7,14,320,6,46,NA,28.86650485,NA,NA,0,NA,7.70735679495,NA
2022,"2022133DMEPR_laog","2022133DMEPR_laog","2022-December-18","2023-October-21","Lao Ngam","","2022133DMEPR_laog_rep3_SM2775-4_37",3,37,6,6,"test"," (Operator: lizbethpino, Time: )","SM2775-4_is_Bellotti","check_released",NA,96.5,29.7,14,320,6,65,NA,32.489029,NA,NA,0,NA,9.649241613,NA
2022,"2022133DMEPR_laog","2022133DMEPR_laog","2022-December-18","2023-October-21","Lao Ngam","","2022133DMEPR_laog_rep3_IBA972205_38",3,38,6,5,"test"," (Operator: lizbethpino, Time: )","IBA-972205","test",NA,72.5,28.3,14,325,6,78,NA,29.16438356,NA,NA,0,NA,8.25352054748,NA
2022,"2022133DMEPR_laog","2022133DMEPR_laog","2022-December-18","2023-October-21","Lao Ngam","","2022133DMEPR_laog_rep3_CM9912-167_39",3,39,6,4,"test"," (Operator: lizbethpino, Time: )","CM9912-167","test",NA,174,30.3,14,329.5,6,82,NA,29.65493976,NA,NA,0,NA,8.98544674728,NA
2022,"2022133DMEPR_laog","2022133DMEPR_laog","2022-December-18","2023-October-21","Lao Ngam","R72","2022133DMEPR_laog_rep3_Rayong72_40",3,40,6,3,"check"," (Operator: lizbethpino, Time: )","Rayong72","test",NA,55.5,40.3,14,367.5,6,64,NA,34.96072727,NA,NA,0,NA,14.08917308981,NA
2022,"2022133DMEPR_laog","2022133DMEPR_laog","2022-December-18","2023-October-21","Lao Ngam","","2022133DMEPR_laog_rep3_SM2775-2_41",3,41,6,2,"test"," (Operator: lizbethpino, Time: )","SM2775-2","test",NA,115,38.3,14,316,5,75,NA,29.87912525,NA,NA,0,NA,11.44370497075,NA
2022,"2022133DMEPR_laog","2022133DMEPR_laog","2022-December-18","2023-October-21","Lao Ngam","","2022133DMEPR_laog_rep3_SM1669-5_42",3,42,6,1,"test"," (Operator: lizbethpino, Time: )","SM1669-5","test",NA,171.5,30.3,14,305,6,63,NA,32.4504717,NA,NA,0,NA,9.8324929251,NA
